name,contact_first_name,contact_last_name,contact_name,email,contact_email,fax,mailing_address_line_1,mailing_address_line_2,mailing_city,mailing_contact_first_name,mailing_contact_last_name,mailing_contact_name,mailing_country,mailing_county,mailing_postalcode,mailing_province,provider_name,primary_phone,secondary_phone,twitter,website,source,contact_occupation,dsgne_first_name,dsgne_last_name,admin_name,co_address_line_1,co_address_line_2,co_company,co_city,co_postalcode,co_province,ombudsman_phone,typeofcare,typeofcare2,low_high_rate,low_rate,high_rate,address_line_1,address_line_2,address_directions,city,municipality,region,province,state_id,postal_code,country,latitude,longitude,neighborhood
Alma Manor,,,,,,785-765-3589,,,,,,,,,,,,785-765-3318,,,www.midwest-health.com/alma-manor,,,,,,,,,,,,,Nursing Facility; RHCF,,,,,234 Manor Circle,,,Alma,,,KS,,66401-0127,US,39.020009,-96.287138,
Progressive Care Home Plus LLC,,,,,,785-984-2293,,,,,,,,,,,,785-984-2290,,,,,,,,,,,,,,,,Home Plus,,,,,513 Mill St,,,Alton,,,KS,,67623,US,39.4684321,-98.9480164,
Andover Court Assisted Living,,,,,,316-733-6754,,,,,,,,,,,,316-733-2662,,,www.andovercourtretirement.com,,,,,,,,,,,,,Assisted Living,,,,,721 W 21st St N,,,Andover,,,KS,,67002-8491,US,37.72309509999999,-97.1415798,
Life Care Center of Andover,,,,,,316-733-0919,,,,,,,,,,,,316-733-1349,,,lifecarecenterofandover.com,,,,,,,,,,,,,Nursing Facility,,,,,621 W 21st St, PO Box 100,,Andover,,,KS,,67002-0100,US,37.72249559999999,-97.1413791,
Medicalodges Arkansas City,,,,,,620-442-0126,,,,,,,,,,,,620-442-9300,,,www.medicalodgesarkansascity.com,,,,,,,,,,,,,Nursing Facility,,,,,203 E Osage Ave,,,Arkansas City,,,KS,,67005-1255,US,37.080946,-97.03684799999999,
Arma Health & Rehabilitation,,,,,,620-347-4018,,,,,,,,,,,,620-347-4103,,,armahealthandrehab.com,,,,,,,,,,,,,Nursing Facility,,,,,605 E Melvin PO Box 789,,,Arma,,,KS,,66712-0789,US,37.54232650000001,-94.6969743,
Gran Villas Atchison,,,,,,913-367-1755,,,,,,,,,,,,913-367-2077,,,www.granvillasatchison.com,,,,,,,,,,,,,Assisted Living,,,,,1635 Riley St,,,Atchison,,,KS,,66002-1514,US,39.56916470000001,-95.1354041,
Medicalodges Atchison,,,,,,913-367-4327,,,,,,,,,,,,913-367-6066,,,www.medicalodgesatchison.com,,,,,,,,,,,,,Nursing Facility,,,,,1637 Riley St,,,Atchison,,,KS,,66002-1514,US,39.5691642,-95.1354064,
The Homestead of Auburn,,,,,,785-256-7902,,,,,,,,,,,,785-256-7100,,,www.midwest-health.com/auburn,,,,,,,,,,,,,Assisted Living,,,,,280 E Valley Springs Dr,,,Auburn,,,KS,,66402,US,38.911797,-95.813819,
Homestead of Augusta,,,,,,316-775-6309,,,,,,,,,,,,316-775-1000,,,www.midwest-health.com/augusta,,,,,,,,,,,,,Assisted Living; RHCF,,,,,1611 Fairway Drive,,,Augusta,,,KS,,67010,US,37.6923323,-96.9699655,
"LakePoint Augusta, LLC",,,,,,316-775-6330,,,,,,,,,,,,316-775-6333,,,www.omegasrliving.com,,,,,,,,,,,,,Assisted Living; Nursing Facility,,,,,901 LakePoint Dr,,,Augusta,,,KS,,67010,US,37.7029097,-96.96746549999999,
Baldwin Healthcare & Rehab Center,,,,,,785-594-2854,,,,,,,,,,,,785-594-6492,,,,,,,,,,,,,,,,Nursing Facility,,,,,1223 Orchard Ln,,,Baldwin City,,,KS,,66006-9804,US,38.7745749,-95.1971152,
"ComfortCare Homes of Baldwin City, LLC",,,,,,785-594-3924,,,,,,,,,,,,785-594-2603,,,www.comfortcareks.com,,,,,,,,,,,,,Home Plus,,,,,232 Elm St,,,Baldwin City,,,KS,,66006,US,38.77803519999999,-95.18080929999999,
Vintage Park at Baldwin City LLC,,,,,,785-594-2280,,,,,,,,,,,,785-594-4255,,,www.gracemanagement.com,,,,,,,,,,,,,Assisted Living,,,,,321 Crimson Ave,,,Baldwin City,,,KS,,66006-4011,US,38.7855852,-95.1879969,
Country Place Senior Living of Basehor,,,,,,913-662-7333,,,,,,,,,,,,913-662-7330,,,countryplaceliving.com/index.php/basehor-ks-title-link,,,,,,,,,,,,,Assisted Living,,,,,15707 Pinehurst Dr,,,Basehor,,,KS,,66007,US,39.1146334,-94.9436848,
Quaker Hill Manor,,,,,,620-848-3017,,,,,,,,,,,,620-848-3797,,,www.americareusa.net/skilled_nursing_facility/Baxter_Springs_KS/zip_66713/americare/1354,,,,,,,,,,,,,Nursing Facility,,,,,8675 SE 72nd Terr,,,Baxter Springs,,,KS,,66713-9780,US,37.0516035,-94.6996047,
Belleville Health Care Center,,,,,,785-527-5419,,,,,,,,,,,,785-527-5636,,,www.hmghealthcare.com,,,,,,,,,,,,,Nursing Facility,,,,,2626 Wesleyan Dr,,,Belleville,,,KS,,66935-2440,US,39.8150221,-97.6351578,
Prairie Wind Senior Living,,,,,,,,,,,,,,,,,,785-862-1287,,,www.prairiewindseniorliving.com,,,,,,,,,,,,,Home Plus,,,,,5221 SE 77th St,,,Berryton,,,KS,,66409,US,38.9271745,-95.57504469999999,
Cambridge Place DBA Blue Valley Nursing Home,,,,,,785-363-7620,,,,,,,,,,,,785-363-7777,,,www.bluevalleyhealthcare.com,,,,,,,,,,,,,Nursing Facility; RHCF,,,,,710 Western Ave,,,Blue Rapids,,,KS,,66411,US,39.67969590000001,-96.6684204,
Bonner Springs Nursing & Rehab Center,,,,,,913-441-7313,,,,,,,,,,,,913-441-2515,,,www.BonnerSpringsNursing&Rehab.com,,,,,,,,,,,,,Nursing Facility,,,,,520 E Morse Ave,,,Bonner Springs,,,KS,,66012-1911,US,39.0649448,-94.87905579999999,Bonner - Loring
Life Care Center of Burlington,,,,,,620-364-2013,,,,,,,,,,,,620-364-2117,,,lifecarecenterofburlington.com,,,,,,,,,,,,,Nursing Facility,,,,,601 Cross St,,,Burlington,,,KS,,66839-1105,US,38.2058519,-95.7423429,
The Meadows,,,,,,620-364-5504,,,,,,,,,,,,620-364-8861,,,www.coffeyhealth.org/LongtermCare/TheMeadows,,,,,,,,,,,,,Assisted Living,,,,,1201 Martindale St,,,Burlington,,,KS,,66839-2400,US,38.20376509999999,-95.7521155,
Guest Home Estates,,,,,,620-879-5291,,,,,,,,,,,,620-879-5199,,,www.guesthomeestates.com/guest-home-estates-i-ii,,,,,,,,,,,,,RHCF,,,,,400 S McGee,,,Caney,,,KS,,67333-2157,US,37.0150812,-95.9282133,
Diversicare of Chanute,,,,,,620-431-4147,,,,,,,,,,,,620-431-4940,,,diversicareofchanute.com,,,,,,,,,,,,,Nursing Facility,,,,,530 W 14th St,,,Chanute,,,KS,,66720-2877,US,37.6672604,-95.46121049999999,
Guest Home Estates II,,,,,,620-431-0471,,,,,,,,,,,,620-431-9509,,,www.guesthomeestates.com/guest-home-ii,,,,,,,,,,,,,RHCF,,,,,1202 S Plummer,,,Chanute,,,KS,,66720,US,37.668781,-95.4705133,
Guest Home Estates III,,,,,,620-431-0402,,,,,,,,,,,,620-431-7115,,,www.guesthomeestates.com/guest-home-estates-iii,,,,,,,,,,,,,RHCF,,,,,7440 220th Rd,,,Chanute,,,KS,,66720,US,37.6906989,-95.40730119999999,
Heritage Health Care Center,,,,,,620-431-6928,,,,,,,,,,,,620-431-4151,,,www.americareusa.net/skilled_nursing_facility/Chanute_KS/zip_66720/americare/1349,,,,,,,,,,,,,Nursing Facility,,,,,1630 W 2nd St,,,Chanute,,,KS,,66720-1930,US,37.6798814,-95.475326,
Cheney Golden Age Home Plus,,,,,,316-542-0165,,,,,,,,,,,,316-540-3691,,,,,,,,,,,,,,,,Home Plus,,,,,802 North Main Street,,,Cheney,,,KS,,67025-0370,US,37.6347797,-97.78037280000001,
Cherryvale Nursing and Rehabilitation Center,,,,,,620-336-2236,,,,,,,,,,,,620-336-2102,,,www.cherryvalecare.com,,,,,,,,,,,,,Nursing Facility,,,,,1001 W Main St, PO Box 366,,Cherryvale,,,KS,,67335-0366,US,37.2686724,-95.5661322,
Chetopa Manor,,,,,,620-236-7919,,,,,,,,,,,,620-236-7248,,,www.woodworthhealthcare.com/chetopa.html,,,,,,,,,,,,,Nursing Facility,,,,,814 Walnut St, PO Box 167,,Chetopa,,,KS,,67336-0167,US,37.0377608,-95.0950391,
Medicalodges Clay Center,,,,,,785-632-2855,,,,,,,,,,,,785-632-5696,,,www.medicalodgesclaycenter.com,,,,,,,,,,,,,Nursing Facility; RHCF,,,,,715 Liberty St, PO Box 517,,Clay Center,,,KS,,67432-0517,US,39.391797,-97.1222461,
Clearwater Nursing & Rehabilitation Center,,,,,,620-584-4583,,,,,,,,,,,,620-584-2271,,,,,,,,,,,,,,,,Nursing Facility,,,,,620 E Wood St,,,Clearwater,,,KS,,67026-9757,US,37.5088719,-97.49891889999999,
Clearwater Village,,,,,,620-584-4575,,,,,,,,,,,,620-584-4183,,,,,,,,,,,,,,,,Assisted Living,,,,,440 N Fourth,,,Clearwater,,,KS,,67026,US,37.510286,-97.494717,
Assisted Living at Windsor Place,,,,,,620-251-5345,,,,,,,,,,,,620-251-0214,,,www.windsorplace.net,,,,,,,,,,,,,Assisted Living,,,,,2904 W 8th St,,,Coffeyville,,,KS,,67337,US,37.03652799999999,-95.65862899999999,
Medicalodges Coffeyville,,,,,,620-251-2410,,,,,,,,,,,,620-251-3705,,,www.medicalodgescoffeyville.com,,,,,,,,,,,,,Nursing Facility,,,,,720 W 1st St,,,Coffeyville,,,KS,,67337-3854,US,37.0435671,-95.62714419999999,
Colby Health & Rehabilitation,,,,,,785-460-2136,,,,,,,,,,,,785-462-6721,,,colbyhealthandrehab.com,,,,,,,,,,,,,Nursing Facility,,,,,105 E College Dr,,,Colby,,,KS,,67701-3701,US,39.3802948,-101.0445811,
Medicalodges Columbus,,,,,,620-429-8956,,,,,,,,,,,,620-429-2134,,,www.medicalodgescolumbus.com,,,,,,,,,,,,,Nursing Facility; RHCF,,,,,101 N Lee Ave,,,Columbus,,,KS,,66725-0351,US,37.1718145,-94.8584388,
Spring View Manor,,,,,,620-456-2323,,,,,,,,,,,,620-456-2285,,,www.springviewmanorinc.com,,,,,,,,,,,,,Nursing Facility,,,,,412 S 8th St, PO Box 98,,Conway Springs,,,KS,,67031-0098,US,37.3852893,-97.6450491,
"Chase County Care & Rehabilitation Center, LLC",,,,,,620-273-8536,,,,,,,,,,,,620-273-6360,,,,,,,,,,,,,,,,Nursing Facility,,,,,612 Walnut St,,,Cottonwood Falls,,,KS,,66845-9798,US,38.36352099999999,-96.5377827,
Diversicare of Council Grove,,,,,,620-767-6622,,,,,,,,,,,,620-767-5172,,,diversicareofcouncilgrove.com,,,,,,,,,,,,,Nursing Facility,,,,,400 Sunset Dr, PO Box 319,,Council Grove,,,KS,,66846-0319,US,38.659083,-96.5069805,
Hilltop Manor,,,,,,620-298-3437,,,,,,,,,,,,620-298-2781,,,www.americareusa.net/skilled_nursing_facility/Cunningham_KS/zip_67035/americare/10512,,,,,,,,,,,,,Nursing Facility,,,,,403 S Valley, PO Box 8,,Cunningham,,,KS,,67035-0008,US,37.64175909999999,-98.42940109999999,
Hillside Village of DeSoto,,,,,,913-585-1225,,,,,,,,,,,,913-583-1260,,,www.hillsidedesoto.com,,,,,,,,,,,,,Assisted Living; Nursing Facility,,,,,33600 W 85th St,,,DeSoto,,,KS,,66018-8118,US,38.9754457,-94.9757657,
Avita Senior Living at Derby,,,,,,316-440-4093,,,,,,,,,,,,316-260-4447,,,derbyassistedliving.com,,,,,,,,,,,,,Assisted Living,,,,,719 N Klein,,,Derby,,,KS,,67037,US,37.5495455,-97.2384143,
Derby Health and Rehabilitation LLC,,,,,,316-440-9587,,,,,,,,,,,,316-719-2400,,,derbyhealthandrehab.com,,,,,,,,,,,,,Nursing Facility,,,,,731 Klein Ct,,,Derby,,,KS,,67037,US,37.5499331,-97.2383261,
Homestead of Derby,,,,,,316-788-8963,,,,,,,,,,,,316-788-9600,,,,,,,,,,,,,,,,Assisted Living,,,,,1701 E Walnut Grove Rd,,,Derby,,,KS,,67037-3527,US,37.549641,-97.2466199,
Diamond View Estates,,,,,,620-397-5119,,,,,,,,,,,,620-397-5111,,,,,,,,,,,,,,,,Assisted Living,,,,,775 Diamond View Dr,,,Dighton,,,KS,,67839,US,38.4775362,-100.4574217,
Medicalodges Douglass,,,,,,316-747-2084,,,,,,,,,,,,316-747-2157,,,www.medicalodgesdouglass.com,,,,,,,,,,,,,Nursing Facility,,,,,619 S HWY 77,,,Douglass,,,KS,,67039-0479,US,37.51479399999999,-97.006942,
"Downs Care & Rehabilitation Center, LLC",,,,,,785-454-3980,,,,,,,,,,,,785-454-3321,,,,,,,,,,,,,,,,Nursing Facility,,,,,1218 Kansas St,,,Downs,,,KS,,67437-1404,US,39.5089852,-98.5499797,
Country Care Inc,,,,,,913-773-5562,,,,,,,,,,,,913-773-5517,,,countrycare.org,,,,,,,,,,,,,Nursing Facility,,,,,515 Dawson Rd,,,Easton,,,KS,,66020,US,39.3475743,-95.1239985,
"Edwardsville Care & Rehabilitation , LLC",,,,,,913-441-0410,,,,,,,,,,,,913-441-1900,,,,,,,,,,,,,,,,Nursing Facility,,,,,751 Blake St,,,Edwardsville,,,KS,,66111-1338,US,39.0575341,-94.81695529999999,
"Kaw River Care & Rehabilitation Center, LLC",,,,,,913-441-6223,,,,,,,,,,,,913-422-5832,,,,,,,,,,,,,,,,Nursing Facility,,,,,750 Blake St,,,Edwardsville,,,KS,,66111-1339,US,39.0563442,-94.81689399999999,
"Parkway Care & Rehabilitation Center, LLC",,,,,,913-442-2044,,,,,,,,,,,,913-422-5952,,,,,,,,,,,,,,,,Nursing Facility,,,,,749 Blake St,,,Edwardsville,,,KS,,66111-1338,US,39.0574555,-94.8183864,
"El Dorado Care & Rehabilitation Center, LLC",,,,,,316-321-4513,,,,,,,,,,,,316-321-4444,,,,,,,,,,,,,,,,Nursing Facility,,,,,900 Country Club Ln,,,El Dorado,,,KS,,67042-4206,US,37.8397712,-96.83885579999999,
Homestead of El Dorado,,,,,,316-321-6115,,,,,,,,,,,,316-321-7777,,,www.vintageplaceeldorado.com,,,,,,,,,,,,,Assisted Living,,,,,1650 E 12th Ave,,,El Dorado,,,KS,,67042,US,37.832787,-96.830641,
"LakePoint El Dorado, LLC",,,,,,316-321-7690,,,,,,,,,,,,316-321-4140,,,www.omegasrliving.com,,,,,,,,,,,,,Assisted Living; Nursing Facility,,,,,1313 S High St,,,El Dorado,,,KS,,67042-3751,US,37.8034326,-96.86355979999999,
Woodhaven Care Center,,,,,,620-564-3527,,,,,,,,,,,,620-564-2337,,,www.woodhavencarecenter.com,,,,,,,,,,,,,Nursing Facility,,,,,510 W 7th St,,,Ellinwood,,,KS,,67526-1101,US,38.3626983,-98.5889706,
Emporia Place,,,,,,620-342-2762,,,,,,,,,,,,620-342-1000,,,,,,,,,,,,,,,,Assisted Living,,,,,1200 W 12th Ave,,,Emporia,,,KS,,66801-2557,US,38.4129228,-96.1948872,
Guest Home Estates VIII,,,,,,620-244-5482,,,,,,,,,,,,620-244-5301,,,www.guesthomeestates.com/guest-home-estates-viii,,,,,,,,,,,,,RHCF,,,,,114 E Marshall St,,,Erie,,,KS,,66733,US,37.58037650000001,-95.24259239999999,
"Eskridge Care & Rehabilitation Center, LLC",,,,,,785-449-2285,,,,,,,,,,,,785-449-2294,,,,,,,,,,,,,,,,Nursing Facility,,,,,505 N Main St,,,Eskridge,,,KS,,66423-9618,US,38.8627855,-96.105091,
Medicalodges Eudora,,,,,,785-542-2177,,,,,,,,,,,,785-542-2176,,,www.medicalodgeseudora.com,,,,,,,,,,,,,Nursing Facility,,,,,1415 Maple St,,,Eudora,,,KS,,66025-0400,US,38.93516029999999,-95.10046179999999,
Eureka Nursing Center,,,,,,620-583-6621,,,,,,,,,,,,620-583-7418,,,www.americareusa.net/skilled_nursing_facility/Eureka_KS/zip_67045/americare/1347,,,,,,,,,,,,,Nursing Facility,,,,,1020 N School St,,,Eureka,,,KS,,67045-1106,US,37.82899150000001,-96.2914034,
Medicalodges Fort Scott,,,,,,620-223-0244,,,,,,,,,,,,620-223-0210,,,wwww.medicalodgesfortscott.com,,,,,,,,,,,,,Nursing Facility,,,,,915 Horton St, PO Box 510,,Fort Scott,,,KS,,66701-0510,US,37.82995009999999,-94.71311539999999,
Medicalodges Frontenac,,,,,,620-231-3955,,,,,,,,,,,,620-231-7340,,,www.medicalodgesfrontenac.com,,,,,,,,,,,,,Nursing Facility,,,,,206 S Dittman St,,,Frontenac,,,KS,,66763-2299,US,37.45038160000001,-94.69911289999999,
Galena Nursing & Rehab Center,,,,,,620-783-5354,,,,,,,,,,,,620-783-1383,,,www.americareusa.net/skilled_nursing_facility/Galena_KS/zip_66739/americare/1348,,,,,,,,,,,,,Nursing Facility,,,,,1220 E 8th St,,,Galena,,,KS,,66739-0186,US,37.0733098,-94.6259142,
The Homestead Health & Rehab Center,,,,,,620-276-8717,,,,,,,,,,,,620-276-7643,,,www.midwest-health.com/homestead-health-rehab,,,,,,,,,,,,,Nursing Facility,,,,,2308 N 3rd St, PO Box 955,,Garden City,,,KS,,67846-0955,US,37.98645700000001,-100.8647288,
The Homestead of Garden City,,,,,,620-272-0555,,,,,,,,,,,,620-272-9800,,,www.midwest-health.com/garden-city,,,,,,,,,,,,,Assisted Living,,,,,2414 N Henderson Dr,,,Garden City,,,KS,,67846,US,37.9885443,-100.8501668,
Marjorie’s Home LLC GP,,,,,,316-977-8809,,,,,,,,,,,,316-213-9816,,,,,,,,,,,,,,,,Home Plus,,,,,524 N Main,,,Garden Plain,,,KS,,67050,US,37.6584043,-97.6835207,
Meadowbrook Rehabilitation Hospital,,,,,,913-856-8339,,,,,,,,,,,,913-856-8747,,,www.meadowbrookrehab.com,,,,,,,,,,,,,Nursing Facility,,,,,427 W Main St,,,Gardner,,,KS,,66030-1183,US,38.80993300000001,-94.937878,
Medicalodges Gardner,,,,,,913-856-7570,,,,,,,,,,,,913-856-6520,,,www.medicalodgesgardner.com,,,,,,,,,,,,,Nursing Facility,,,,,223 Bedford St,,,Gardner,,,KS,,66030-1167,US,38.8083382,-94.9402693,
Vintage Park at Gardner LLC,,,,,,913-884-4582,,,,,,,,,,,,913-856-7643,,,www.gracemanagement.com,,,,,,,,,,,,,Assisted Living,,,,,869 Juniper Terr,,,Gardner,,,KS,,66030,US,38.7969844,-94.9245519,
Anderson County Hospital LTCU,,,,,,785-448-6361,,,,,,,,,,,,785-448-3131,,,www.saintlukeshealthsystem.org,,,,,,,,,,,,,Nursing Facility,,,,,421 S Maple St, PO Box 309,,Garnett,,,KS,,66032-1334,US,38.2799108,-95.25010569999999,
Guest Home Estates VII,,,,,,785-448-3377,,,,,,,,,,,,785-448-6884,,,www.guesthomeestates.com/guest-home-estates-vii-viii,,,,,,,,,,,,,RHCF,,,,,806 W 4th,,,Garnett,,,KS,,66032-2415,US,38.2806771,-95.2557312,
Parkview Heights Skilled Nursing & Rehabilitation,,,,,,785-448-6524,,,,,,,,,,,,785-448-2434,,,www.parkviewheights.com,,,,,,,,,,,,,Nursing Facility,,,,,101 N Pine St,,,Garnett,,,KS,,66032-1199,US,38.283877,-95.238415,
Medicalodges Girard,,,,,,620-724-4713,,,,,,,,,,,,620-724-8288,,,www.medicalodgesgirard.com,,,,,,,,,,,,,Nursing Facility,,,,,511 N Western Ave,,,Girard,,,KS,,66743-0066,US,37.51684340000001,-94.8526038,
Medicalodges Goddard,,,,,,316-794-3476,,,,,,,,,,,,316-794-8635,,,www.medicalodgesgoddard.com,,,,,,,,,,,,,Nursing Facility; RHCF,,,,,501 Easy St,,,Goddard,,,KS,,67052-9235,US,37.66118779999999,-97.5826816,
Wheat Ridge Acres Assisted Living,,,,,,785-899-0277,,,,,,,,,,,,785-899-0100,,,www.heritagehealthcaremanagement.com,,,,,,,,,,,,,Assisted Living; RHCF,,,,,707 Wheat Ridge Circle,,,Goodland,,,KS,,67735-2259,US,39.3515229,-101.7205736,
"Almost Home, Inc",,,,,,620-792-6447,,,,,,,,,,,,620-617-1634,,,,,,,,,,,,,,,,Home Plus,,,,,1919 Van Buren,,,Great Bend,,,KS,,67530-2136,US,38.3714778,-98.7823916,
River Bend Assisted Living,,,,,,620-792-7117,,,,,,,,,,,,620-792-7017,,,www.americareusa.net/assisted_living/Great_Bend_KS/zip_67530/americare/1296,,,,,,,,,,,,,Assisted Living,,,,,3820 Broadway,,,Great Bend,,,KS,,67530,US,38.36626440000001,-98.7907845,
Halstead Health & Rehabilitation Center,,,,,,316-835-4848,,,,,,,,,,,,316-835-3535,,,www.midwest-health.com/halstead-health-rehab,,,,,,,,,,,,,Nursing Facility,,,,,915 McNair St,,,Halstead,,,KS,,67056,US,37.994896,-97.50100739999999,
The Homestead of Halstead,,,,,,316-830-3030,,,,,,,,,,,,316-830-2424,,,www.midwest-health.com/halstead,,,,,,,,,,,,,Assisted Living,,,,,715 W 6th St,,,Halstead,,,KS,,67056,US,37.99876950000001,-97.51587789999999,
Haven House,,,,,,620-465-2643,,,,,,,,,,,,620-465-2421,,,,,,,,,,,,,,,,Home Plus,,,,,410 North Reno Ave,,,Haven,,,KS,,67543,US,37.9073909,-97.7838658,
Haviland Health & Rehabilitation,,,,,,620-862-5233,,,,,,,,,,,,620-862-5291,,,www.havilandcarecenter.com,,,,,,,,,,,,,Nursing Facility,,,,,200 North Main St,,,Haviland,,,KS,,67059-9525,US,37.61675499999999,-99.106422,
Cedarview Assisted Living,,,,,,785-628-9992,,,,,,,,,,,,785-628-3200,,,www.cedarviewassistedliving.com,,,,,,,,,,,,,Assisted Living,,,,,2929 Sternberg Dr,,,Hays,,,KS,,67601,US,38.8894313,-99.3014389,
Diversicare of Haysville,,,,,,316-524-7470,,,,,,,,,,,,316-524-3211,,,diversicareofhaysville.com,,,,,,,,,,,,,Nursing Facility,,,,,215 N Lamar Ave,,,Haysville,,,KS,,67060-1266,US,37.566409,-97.3564798,
Legacy at Herington,,,,,,785-258-3769,,,,,,,,,,,,785-258-2283,,,,,,,,,,,,,,,,Assisted Living; Nursing Facility,,,,,2 E Ash St,,,Herington,,,KS,,67449-1662,US,38.679069,-96.9426672,
Highland Healthcare & Rehab Center,,,,,,785-442-3733,,,,,,,,,,,,785-442-3217,,,,,,,,,,,,,,,,Nursing Facility,,,,,402 South Ave, PO Box 117,,Highland,,,KS,,66035-0117,US,39.8564172,-95.2705246,
Medicalodges Jackson County,,,,,,785-364-3778,,,,,,,,,,,,785-364-3164,,,www.medicalodgesjacksoncounty.com,,,,,,,,,,,,,Nursing Facility,,,,,1121 W 7th St,,,Holton,,,KS,,66436-1123,US,39.4678674,-95.75008799999999,
"The Pines, Inc.",,,,,,,,,,,,,,,,,,785-364-3314,,,,,,,,,,,,,,,,Home Plus,,,,,725 Iowa Avenue,,,Holton,,,KS,,66436,US,39.4687478,-95.7395121,
Diversicare of Hutchinson,,,,,,620-669-0817,,,,,,,,,,,,620-669-9393,,,diversicareofhutchinson.com,,,,,,,,,,,,,Nursing Facility,,,,,1202 E 23rd Ave,,,Hutchinson,,,KS,,67502-5699,US,38.0800823,-97.9066977,
Hutchinson Health & Rehabilitation,,,,,,620-662-6157,,,,,,,,,,,,620-662-0597,,,hutchinsonhealthandrehab.com,,,,,,,,,,,,,Nursing Facility,,,,,2301 N Severance St,,,Hutchinson,,,KS,,67502-4301,US,38.0799293,-97.9139283,
Waldron Place,,,,,,620-662-9002,,,,,,,,,,,,620-662-4114,,,www.americareusa.net/assisted_living/Hutchinson_KS/zip_67502/americare/10609,,,,,,,,,,,,,Assisted Living; RHCF,,,,,1700 E 23rd,,,Hutchinson,,,KS,,67502,US,38.0800628,-97.8940241,
Gran Villas Independence,,,,,,620-331-7082,,,,,,,,,,,,620-331-2260,,,www.granvillasindependence.com,,,,,,,,,,,,,RHCF,,,,,621 S 2nd St,,,Independence,,,KS,,67301-4311,US,37.2170041,-95.7000003,
Medicalodges Independence,,,,,,620-331-6895,,,,,,,,,,,,620-331-8789,,,www.medicalodgesindependence.com,,,,,,,,,,,,,Nursing Facility,,,,,1000 W Mulberry St,,,Independence,,,KS,,67301-2026,US,37.24754920000001,-95.7161639,
Montgomery Place Nursing Center,,,,,,620-331-2544,,,,,,,,,,,,620-331-2577,,,www.americareusa.net/skilled_nursing_facility/Independence_KS/zip_67301/americare/5105,,,,,,,,,,,,,Nursing Facility,,,,,614 S 8th St,,,Independence,,,KS,,67301-4299,US,37.217125,-95.70702329999999,
Brookdale Junction City,,,,,,785-762-6222,,,,,,,,,,,,785-762-3123,,,www.brookdale.com,,,,,,,,,,,,,Assisted Living,,,,,1022 Caroline Ave,,,Junction City,,,KS,,66441-5206,US,39.0131104,-96.86019139999999,
Kansas City Transitional Care Center,,,,,,913-362-0623,,,,,,,,,,,,913-901-8462,,,,,,,,,,,,,,,,Nursing Facility,,,,,3910 Rainbow Blvd 400,,,Kansas City,,,KS,,66103,US,39.05669199999999,-94.6121484,Rosedale
Life Care Center of Kansas City,,,,,,913-299-1539,,,,,,,,,,,,913-299-1770,,,lifecarecenterofkansascity.com,,,,,,,,,,,,,Nursing Facility,,,,,3231 N 61st St,,,Kansas City,,,KS,,66104-1415,US,39.1453502,-94.71902519999999,Bethel Welborn
Medicalodges Post Acute Care Center,,,,,,913-334-4050,,,,,,,,,,,,913-334-0200,,,www.medicalodgespostacutecare.com,,,,,,,,,,,,,Nursing Facility,,,,,6500 Greeley Ave,,,Kansas City,,,KS,,66104-2647,US,39.1312039,-94.730059,Bethel Welborn
Providence Place LTCU,,,,,,913-596-4901,,,,,,,,,,,,913-596-4200,,,www.providence-health.org,,,,,,,,,,,,,Nursing Facility,,,,,8909 Parallel Pkwy,,,Kansas City,,,KS,,66112-1685,US,39.12479880000001,-94.7848491,Victory Hills
The Healthcare Resort of Kansas City,,,,,,,,,,,,,,,,,,913-788-2100,,,,,,,,,,,,,,,,Nursing Facility,,,,,8900 Parallel Parkway,,,Kansas City,,,KS,,66112,US,39.1294345,-94.78661079999999,Victory Hills
Victory Hills Senior Living Community,,,,,,913-299-9474,,,,,,,,,,,,913-299-1166,,,www.victoryhillsseniorliving.com,,,,,,,,,,,,,Assisted Living,,,,,1900 N 70th,,,Kansas City,,,KS,,66102,US,39.1275383,-94.74098269999999,Victory Hills
Medicalodges Kinsley,,,,,,620-659-2043,,,,,,,,,,,,620-659-2156,,,www.medicalodgeskinsley.com,,,,,,,,,,,,,Nursing Facility; RHCF,,,,,620 Winchester Ave,,,Kinsley,,,KS,,67547-9500,US,37.9218045,-99.4224572,
"Lansing Care & Rehabilitation Center, LLC",,,,,,913-727-1859,,,,,,,,,,,,913-727-1284,,,,,,,,,,,,,,,,Nursing Facility,,,,,210 N Plaza Drive, PO Box 250,,Lansing,,,KS,,66043,US,39.25878429999999,-94.9024015,
Twin Oaks Assisted Living,,,,,,913-727-1722,,,,,,,,,,,,913-727-6100,,,www.midwest-health.com/twin-oaks,,,,,,,,,,,,,Assisted Living,,,,,657 Eisenhower Rd,,,Lansing,,,KS,,66043-1913,US,39.26623060000001,-94.9111436,
Twin Oaks Health & Rehabilitation,,,,,,913-250-0522,,,,,,,,,,,,913-534-8336,,,www.midwest-health.com/twin-oaks-health-rehab,,,,,,,,,,,,,Nursing Facility,,,,,757 W Eisenhower Rd,,,Lansing,,,KS,,66043,US,39.26682599999999,-94.9128417,
Diversicare of Larned,,,,,,620-285-6173,,,,,,,,,,,,620-285-6914,,,diversicareoflarned.com,,,,,,,,,,,,,Nursing Facility; RHCF,,,,,1114 W 11th St,,,Larned,,,KS,,67550-1941,US,38.18567999999999,-99.1130513,
Brandon Woods at Alvamar,,,,,,785-312-7233,,,,,,,,,,,,785-838-8000,,,www.brandonwoods.com,,,,,,,,,,,,,Assisted Living; Nursing Facility; RHCF,,,,,1501 Inverness Dr,,,Lawrence,,,KS,,66047-1825,US,38.9561144,-95.30363779999999,
Neuvant House of Lawrence,,,,,,785-856-7901,,,,,,,,,,,,785-856-7900,,,www.neuvanthouse.com,,,,,,,,,,,,,Assisted Living,,,,,1216 Biltmore Dr,,,Lawrence,,,KS,,66049,US,38.9646457,-95.30936299999999,West Lawrence
Pioneer Ridge Assisted Living,,,,,,,,,,,,,,,,,,785-749-4200,,,www.midwest-health.com/pioneer-ridge,,,,,,,,,,,,,Assisted Living,,,,,4851 Harvard Rd,,,Lawrence,,,KS,,66049,US,38.967043,-95.3058621,Quail Run
Pioneer Ridge Retirement Community,,,,,,785-344-1199,,,,,,,,,,,,785-749-2000,,,www.midwest-health.com/pioneer-ridge-health-rehab,,,,,,,,,,,,,Assisted Living; Nursing Facility,,,,,4851 Harvard Rd,,,Lawrence,,,KS,,66049-3964,US,38.967043,-95.3058621,Quail Run
Medicalodges Leavenworth,,,,,,913-772-1968,,,,,,,,,,,,913-772-1844,,,www.medicalodgesleavenworth.com,,,,,,,,,,,,,Nursing Facility,,,,,1503 Ohio St,,,Leavenworth,,,KS,,66048-2932,US,39.3024189,-94.93930639999999,
The Homestead of Leavenworth,,,,,,913-727-9604,,,,,,,,,,,,913-727-9600,,,www.midwest-health.com/leavenworth,,,,,,,,,,,,,Assisted Living,,,,,5150 Hughes Rd,,,Leavenworth,,,KS,,66048-5022,US,39.2686836,-94.90989379999999,
The Healthcare Resort of Leawood,,,,,,,,,,,,,,,,,,913-249-3600,,,,,,,,,,,,,,,,Nursing Facility,,,,,5401 West 143rd St,,,Leawood,,,KS,,66224,US,38.8682937,-94.6482128,
The Homestead of Leawood,,,,,,913-663-2357,,,,,,,,,,,,913-663-3351,,,www.midwest-health.com/leawood,,,,,,,,,,,,,Assisted Living,,,,,12720 Stateline Rd,,,Leawood,,,KS,,66209-1619,US,38.8978348,-94.60877149999999,Leawood South
The Homestead of Lenexa,,,,,,913-894-1504,,,,,,,,,,,,913-894-0014,,,www.midwest-health.com/lenexa,,,,,,,,,,,,,Assisted Living,,,,,8740 Caenen Lake Rd,,,Lenexa,,,KS,,66215,US,38.9698675,-94.74093339999999,Sterling Of Lenexa
Brookdale Liberal Springs,,,,,,620-624-8035,,,,,,,,,,,,620-624-8000,,,www.brookdale.com,,,,,,,,,,,,,Assisted Living,,,,,1500 N Terrace Ave,,,Liberal,,,KS,,67901,US,37.0544048,-100.9300814,
Homestead Estates Home Plus,,,,,,,,,,,,,,,,,,620-626-5672,,,,,,,,,,,,,,,,Home Plus,,,,,1140 S Pershing Ave,,,Liberal,,,KS,,67901,US,37.02225140000001,-100.9297939,
Louisburg Healthcare & Rehab Center,,,,,,913-837-5782,,,,,,,,,,,,913-837-2916,,,,,,,,,,,,,,,,Nursing Facility,,,,,1200 S Broadway St, PO Box 339,,Louisburg,,,KS,,66053-0339,US,38.6110405,-94.68157839999999,
Vintage Park at Louisburg LLC,,,,,,913-837-5169,,,,,,,,,,,,913-837-5133,,,www.gracemanagement.com,,,,,,,,,,,,,Assisted Living,,,,,202 S Rogers St,,,Louisburg,,,KS,,66053,US,38.619492,-94.686583,
Stoneybrook Assisted Living,,,,,,785-537-0835,,,,,,,,,,,,785-537-1065,,,www.midwest-health.com,,,,,,,,,,,,,Assisted Living,,,,,2029 Little Kitten Ave,,,Manhattan,,,KS,,66503-7545,US,39.20749889999999,-96.6334325,
Stoneybrook Retirement Community,,,,,,785-776-6825,,,,,,,,,,,,785-776-0065,,,www.midwest-health.com/stoneybrook-health-rehab,,,,,,,,,,,,,Assisted Living; Nursing Facility,,,,,2025 Little Kitten Ave,,,Manhattan,,,KS,,66503-7545,US,39.206016,-96.633001,
The Homestead of Manhattan,,,,,,785-565-9707,,,,,,,,,,,,785-776-1772,,,www.midwest-health.com/manhattan,,,,,,,,,,,,,Assisted Living,,,,,1923 Little Kitten Ave,,,Manhattan,,,KS,,66503-7545,US,39.2030918,-96.6321463,
Cambridge Place,,,,,,785-562-5398,,,,,,,,,,,,785-562-5321,,,www.bluevalleyhealthcare.com,,,,,,,,,,,,,Nursing Facility; RHCF,,,,,1100 N 16th St,,,Marysville,,,KS,,66508-1126,US,39.8514883,-96.63749829999999,
Country Place Senior Living of Marysville,,,,,,785-562-4002,,,,,,,,,,,,785-562-4001,,,,,,,,,,,,,,,,Assisted Living,,,,,1149 Country Place Dr.,,,Marysville,,,KS,,66508,US,39.849853,-96.62418579999999,
McPherson Health & Rehabilitation,,,,,,620-241-5364,,,,,,,,,,,,620-241-1276,,,mcphersonhealthandrehab.com,,,,,,,,,,,,,Nursing Facility,,,,,1601 N Main St,,,McPherson,,,KS,,67460-1601,US,38.3915252,-97.6679924,
Kelly House of Meriden North,,,,,,,,,,,,,,,,,,785-430-5500,,,www.midwest-health.com/kelly-house-meriden,,,,,,,,,,,,,Home Plus,,,,,6313 Highway K-4,,,Meriden,,,KS,,66512,US,39.1603376,-95.57171819999999,
Kelly House of Meriden South,,,,,,785-484-0100,,,,,,,,,,,,785-430-5500,,,www.midwest-health.com/kelly-house-meriden,,,,,,,,,,,,,Home Plus,,,,,3566 62nd St,,,Meriden,,,KS,,66512,US,39.15888830000001,-95.5717605,
Trinity Nursing & Rehab Center Inc,,,,,,913-384-0709,,,,,,,,,,,,913-384-0800,,,www.trinitynursingandrehab.com,,,,,,,,,,,,,Nursing Facility,,,,,9700 W 62nd St,,,Merriam,,,KS,,66203-3282,US,39.017272,-94.6990019,
Bickford at Mission Springs I,,,,,,913-831-7733,,,,,,,,,,,,913-831-7700,,,www.enrichinghappiness.com/branch/bickford-at-mission-springs,,,,,,,,,,,,,Assisted Living; RHCF,,,,,5300 W 61st Place,,,Mission,,,KS,,66205,US,39.0174345,-94.6467936,
Bickford at Mission Springs II,,,,,,913-831-7733,,,,,,,,,,,,913-831-7700,,,www.enrichinghappiness.com/branch/bickford-at-mission-springs,,,,,,,,,,,,,Assisted Living,,,,,5350 W 61st Pl,,,Mission,,,KS,,66205,US,39.0182125,-94.6469328,
Moran Manor,,,,,,620-237-4446,,,,,,,,,,,,620-237-4300,,,www.americareusa.net/skilled_nursing_facility/Moran_KS/zip_66755/americare/1350,,,,,,,,,,,,,Nursing Facility,,,,,3940 US Hwy 54,,,Moran,,,KS,,66755,US,37.922197,-95.175455,
"Neodesha Care & Rehabilitation Center, LLC",,,,,,620-325-3369,,,,,,,,,,,,620-325-3088,,,,,,,,,,,,,,,,Nursing Facility,,,,,1626 N 8th St,,,Neodesha,,,KS,,66757-1239,US,37.4347904,-95.6831716,
Whispering Pines,,,,,,785-874-5501,,,,,,,,,,,,785-874-5500,,,www.whisperingpinesks.com,,,,,,,,,,,,,Assisted Living,,,,,200 Whispering Pines,,,Norton,,,KS,,67654,US,39.83299969999999,-99.9063171,
Azria Health Olathe,,,,,,913-829-0386,,,,,,,,,,,,913-829-2273,,,Azriahealtholathe.com,,,,,,,,,,,,,Nursing Facility,,,,,201 E Flaming Rd,,,Olathe,,,KS,,66061-5343,US,38.86666290000001,-94.8184623,Royal Terrace
Nottingham Health and Rehabilitation,,,,,,,,,,,,,,,,,,913-322-3111,,,www.nottinghamhealthandrehab.com,,,,,,,,,,,,,Nursing Facility,,,,,14200 W 134th Pl,,,Olathe,,,KS,,66062-6140,US,38.88556320000001,-94.7504376,
Pinnacle Ridge Nursing & Rehab Center,,,,,,913-782-1732,,,,,,,,,,,,913-782-3350,,,www.pinnacleridgerehabilitation.com,,,,,,,,,,,,,Nursing Facility,,,,,400 S Rogers Rd,,,Olathe,,,KS,,66062-1706,US,38.8777808,-94.79153459999999,Havencroft Industrial Park
The Healthcare Resort of Olathe,,,,,,,,,,,,,,,,,,913-390-0444,,,,,,,,,,,,,,,,Nursing Facility,,,,,21250 West 151st Street,,,Olathe,,,KS,,66061,US,38.85551969999999,-94.8313891,
The Homestead of Olathe North,,,,,,913-829-4064,,,,,,,,,,,,913-829-1403,,,www.midwest-health.com/olathe,,,,,,,,,,,,,Assisted Living,,,,,791 N Somerset Terr,,,Olathe,,,KS,,66062,US,38.892672,-94.78219999999999,Sterling
The Homestead of Olathe South,,,,,,913-829-6495,,,,,,,,,,,,913-829-4663,,,www.midwest-health.com/olathe,,,,,,,,,,,,,Assisted Living,,,,,751 N Somerset Terr,,,Olathe,,,KS,,66062-5450,US,38.8920891,-94.7824187,Sterling
Onaga Health & Rehabilitation,,,,,,785-889-4847,,,,,,,,,,,,785-889-4227,,,onagahealthandrehab.com,,,,,,,,,,,,,Nursing Facility,,,,,500 Western St,,,Onaga,,,KS,,66521-9424,US,39.49186220000001,-96.1741412,
Osage Nursing & Rehabilitation Center,,,,,,785-528-4895,,,,,,,,,,,,785-528-3138,,,www.americareusa.net/skilled_nursing_facility/Osage_City_KS/zip_66523/americare/1352,,,,,,,,,,,,,Nursing Facility,,,,,1017 Main St,,,Osage City,,,KS,,66523-1256,US,38.6329929,-95.8175369,
Peterson Health Care,,,,,,785-528-3501,,,,,,,,,,,,785-528-4420,,,,,,,,,,,,,,,,Nursing Facility,,,,,630 Holliday St,,,Osage City,,,KS,,66523-1138,US,38.63539,-95.824419,
Vintage Park at Osage City LLC,,,,,,785-528-4267,,,,,,,,,,,,785-528-5095,,,www.gracemanagement.com,,,,,,,,,,,,,Assisted Living,,,,,1403 Laing St,,,Osage City,,,KS,,66523,US,38.635822,-95.80784799999999,
Life Care Center of Osawatomie,,,,,,913-755-1979,,,,,,,,,,,,913-755-4165,,,lifecarecenterofosawatomie.com,,,,,,,,,,,,,Nursing Facility,,,,,1615 Parker Ave,,,Osawatomie,,,KS,,66064-1703,US,38.4981143,-94.97095209999999,
Vintage Park at Osawatomie LLC,,,,,,913-755-4855,,,,,,,,,,,,913-755-2167,,,www.gracemanagement.com,,,,,,,,,,,,,Assisted Living,,,,,1520 Parker Ave,,,Osawatomie,,,KS,,66064,US,38.49964399999999,-94.9684896,
Hickory Pointe Care & Rehab Center,,,,,,785-863-2735,,,,,,,,,,,,785-863-2108,,,www.hickorypointecare.com,,,,,,,,,,,,,Nursing Facility,,,,,700 Cherokee St,,,Oskaloosa,,,KS,,66066-5054,US,39.213955,-95.31231799999999,
Oswego Health & Rehabilitation,,,,,,620-795-2748,,,,,,,,,,,,620-795-4429,,,oswegohealthandrehab.com,,,,,,,,,,,,,Nursing Facility,,,,,1104 Ohio St,,,Oswego,,,KS,,67356-9059,US,37.1589274,-95.1118819,
Ottawa Retirement Plaza,,,,,,785-242-1536,,,,,,,,,,,,785-242-1127,,,www.deaconess-healthcare.com/Ottawa_Retirement_Village,,,,,,,,,,,,,Assisted Living,,,,,1042 W 15th,,,Ottawa,,,KS,,66067-3998,US,38.59325339999999,-95.2814878,
Brookside Retirement Community,,,,,,785-665-7277,,,,,,,,,,,,785-665-7124,,,www.brooksideks.com,,,,,,,,,,,,,Nursing Facility,,,,,700 W 7th St,,,Overbrook,,,KS,,66524-0327,US,38.780826,-95.565195,
Brookside Retirement Community Assisted Living,,,,,,785-665-3247,,,,,,,,,,,,785-665-3246,,,www.brooksideks.com,,,,,,,,,,,,,Assisted Living,,,,,702 W 7th St,,,Overbrook,,,KS,,66524,US,38.78131199999999,-95.56368069999999,
Advanced Health Care of Overland Park,,,,,,,,,,,,,,,,,,913-890-8400,,,www.ahcfacilities.com/overlandpark,,,,,,,,,,,,,Nursing Facility,,,,,4700 Indian Creek Parkway,,,Overland Park,,,KS,,66210,US,38.9370116,-94.6404256,
Bickford of Overland Park,,,,,,913-642-3488,,,,,,,,,,,,913-642-5400,,,www.enrichinghappiness.com/branch/bickford-of-overland-park,,,,,,,,,,,,,RHCF,,,,,10665 Barkley,,,Overland Park,,,KS,,66212,US,38.9356812,-94.66362400000001,Metcalf View
Brookdale College Square,,,,,,913-491-1991,,,,,,,,,,,,913-491-1144,,,www.brookdale.com,,,,,,,,,,,,,RHCF,,,,,11000 Oakmont Ave,,,Overland Park,,,KS,,66210-1100,US,38.9303559,-94.72935,College Square
Brookdale Overland Park,,,,,,,,,,,,,,,,,,913-663-2888,,,www.brookdale.com,,,,,,,,,,,,,Nursing Facility,,,,,12000 Lamar,,,Overland Park,,,KS,,66209,US,38.9107155,-94.6603848,
Delmar Gardens of Overland Park,,,,,,913-469-0136,,,,,,,,,,,,913-469-4210,,,www.delmargardens.com,,,,,,,,,,,,,Nursing Facility,,,,,12100 W 109th St,,,Overland Park,,,KS,,66210-1200,US,38.9317575,-94.7272276,Claremont Aptartments
Garden Terrace at Overland Park,,,,,,913-631-7154,,,,,,,,,,,,913-631-2273,,,www.gardenterraceatoverlandpark.com,,,,,,,,,,,,,Nursing Facility,,,,,7541 Switzer St,,,Overland Park,,,KS,,66214-1170,US,38.99181,-94.704459,
Indian Creek Healthcare Center,,,,,,913-433-7273,,,,,,,,,,,,913-642-5545,,,www.savaseniorcare.com,,,,,,,,,,,,,Nursing Facility,,,,,6515 W 103rd St,,,Overland Park,,,KS,,66212-1728,US,38.9389054,-94.6623407,
Lamar Court Assisted Living Community,,,,,,913-906-9955,,,,,,,,,,,,913-906-9696,,,www.lamarcourtalf.com,,,,,,,,,,,,,Assisted Living,,,,,11909 Lamar,,,Overland Park,,,KS,,66209,US,38.9114526,-94.65738549999999,The Country Club
Morningside Place,,,,,,913-901-8505,,,,,,,,,,,,913-901-8500,,,,,,,,,,,,,,,,RHCF,,,,,6921 W 81st St.,,,Overland Park,,,KS,,66204,US,38.98170930000001,-94.6664634,Morningside
Overland Park Nursing & Rehab Center Inc,,,,,,913-383-1629,,,,,,,,,,,,913-383-9866,,,www.overlandparknursing.com,,,,,,,,,,,,,Nursing Facility,,,,,6501 W 75th St,,,Overland Park,,,KS,,66204-3017,US,38.99203549999999,-94.6615923,Prairie Fields
Park Meadows Senior Living,,,,,,913-901-8243,,,,,,,,,,,,913-901-8200,,,www.parkmeadowsseniorliving.com,,,,,,,,,,,,,Assisted Living,,,,,5901 West 107th St,,,Overland Park,,,KS,,66207-3851,US,38.93366399999999,-94.654347,Park Meadow
Promise Skilled Nursing Facility of Overland Park,,,,,,913-649-2408,,,,,,,,,,,,913-652-3267,,,www.promise-overlandpark.com,,,,,,,,,,,,,Nursing Facility,,,,,6505 W 103rd St,,,Overland Park,,,KS,,66212-1728,US,38.940062,-94.662392,
Rose Estates Assisted Living Community,,,,,,913-828-9601,,,,,,,,,,,,913-825-9600,,,www.roseestatesalf.com,,,,,,,,,,,,,Assisted Living,,,,,12700 Antioch Rd,,,Overland Park,,,KS,,66213-2723,US,38.8973649,-94.6874453,Rose Estates
Silvercrest at Deer Creek,,,,,,913-685-4943,,,,,,,,,,,,913-681-1101,,,www.silvercrestdeercreek.com,,,,,,,,,,,,,Assisted Living,,,,,13060 S Metcalf Ave,,,Overland Park,,,KS,,66213-2618,US,38.89174699999999,-94.66927,Southcreek Business Park
Stratford Commons Memory Care Community,,,,,,913-851-8675,,,,,,,,,,,,913-851-0215,,,www.stratfordmemorycare.com,,,,,,,,,,,,,Assisted Living,,,,,12340 Quivera Rd,,,Overland Park,,,KS,,66213,US,38.90484239999999,-94.7247263,Stratford Place
Stratford Commons Rehabilitation & Health Care Center,,,,,,913-851-8675,,,,,,,,,,,,913-851-0215,,,www.stratfordrehabbytutera.com,,,,,,,,,,,,,Nursing Facility,,,,,12340 Quivira Road,,,Overland Park,,,KS,,66213,US,38.90484239999999,-94.7247263,Stratford Place
The Atriums Senior Living Community,,,,,,913-642-5319,,,,,,,,,,,,913-381-6000,,,www.atriumsretirement.com,,,,,,,,,,,,,RHCF,,,,,7300 W 107 St,,,Overland Park,,,KS,,66212,US,38.9343549,-94.6714487,Metcalf View
The Forum at Overland Park,,,,,,913-648-6114,,,,,,,,,,,,913-648-4980,,,www.theforumatoverlandpark.com,,,,,,,,,,,,,Assisted Living; Nursing Facility,,,,,3501 W 95th St,,,Overland Park,,,KS,,66206,US,38.9558095,-94.6266181,Ranch View
The Healthcare Resort of Shawnee Mission,,,,,,,,,,,,,,,,,,913-383-2001,,,,,,,,,,,,,,,,Nursing Facility,,,,,7600 Antioch Rd,,,Overland Park,,,KS,,66204,US,38.9918375,-94.6874703,Antioch 75
Medicalodges Oxford,,,,,,620-455-2572,,,,,,,,,,,,620-455-2214,,,,,,,,,,,,,,,,Nursing Facility,,,,,200 S Ohio St,,,Oxford,,,KS,,67119-0458,US,37.2732334,-97.1639099,
Medicalodges Paola,,,,,,913-294-3115,,,,,,,,,,,,913-294-3345,,,www.medicalodgespaola.com,,,,,,,,,,,,,Nursing Facility,,,,,501 Assembly Ln,,,Paola,,,KS,,66071-1854,US,38.5667406,-94.8605693,
North Point Skilled Nursing Center,,,,,,913-294-4479,,,,,,,,,,,,913-294-4308,,,www.americareusa.net/skilled_nursing_facility/Paola_KS/zip_66071/americare/1351,,,,,,,,,,,,,Nursing Facility,,,,,908 N Pearl St,,,Paola,,,KS,,66071-1140,US,38.5827145,-94.8759362,
Peabody Health & Rehabilitation,,,,,,620-983-2281,,,,,,,,,,,,620-983-2152,,,peabodyhealthandrehab.com,,,,,,,,,,,,,Nursing Facility; RHCF,,,,,407 N Locust,,,Peabody,,,KS,,66866,US,38.1684385,-97.1123568,
Gran Villas Pittsburg,,,,,,620-231-1156,,,,,,,,,,,,620-231-4554,,,www.granvillaspittsburg.com,,,,,,,,,,,,,Assisted Living,,,,,1004 E Centennial,,,Pittsburg,,,KS,,66762,US,37.38180180000001,-94.6893856,
Guest Home Estates IV,,,,,,620-235-0533,,,,,,,,,,,,620-235-0522,,,www.guesthomeestates.com/guest-home-estates-iv,,,,,,,,,,,,,RHCF,,,,,1910 E Centennial Dr,,,Pittsburg,,,KS,,66762,US,37.38126919999999,-94.6768384,
Medicalodges Pittsburg,,,,,,620-231-1818,,,,,,,,,,,,620-231-0300,,,www.medicalodgespittsburg.com,,,,,,,,,,,,,Nursing Facility,,,,,2520 S Rouse St,,,Pittsburg,,,KS,,66762-6605,US,37.3810817,-94.68736799999999,
"Pittsburg Care & Rehabilitation Center, LLC",,,,,,620-231-2943,,,,,,,,,,,,620-231-1120,,,,,,,,,,,,,,,,Nursing Facility,,,,,1005 E Centennial Dr,,,Pittsburg,,,KS,,66762-6603,US,37.38180180000001,-94.6893856,
Brighton Gardens of Prairie Village,,,,,,913-262-0204,,,,,,,,,,,,913-262-1611,,,www.sunriseseniorliving.com,,,,,,,,,,,,,Nursing Facility; RHCF,,,,,7105 Mission Rd,,,Prairie Village,,,KS,,66208-3302,US,38.99930179999999,-94.6291236,Prairie Hills
Pratt Health & Rehabilitation,,,,,,620-672-5275,,,,,,,,,,,,620-672-6541,,,pratthealthandrehab.com,,,,,,,,,,,,,Nursing Facility,,,,,1221 Larimer St,,,Pratt,,,KS,,67124-1241,US,37.6568988,-98.7280818,
Gove County Medical Center LTCU,,,,,,785-754-3329,,,,,,,,,,,,785-754-3341,,,www.gcmc.ws,,,,,,,,,,,,,Nursing Facility,,,,,520 W 5th St, PO Box 129,,Quinter,,,KS,,67752-0129,US,39.06713329999999,-100.2401648,
Richmond Healthcare & Rehab Center,,,,,,785-835-6179,,,,,,,,,,,,785-835-6135,,,,,,,,,,,,,,,,Nursing Facility,,,,,340 E South St,,,Richmond,,,KS,,66080-4021,US,38.3982828,-95.251992,
Fountainview Nursing & Rehab Center,,,,,,316-776-9370,,,,,,,,,,,,316-776-2194,,,www.fountainviewnursing.com,,,,,,,,,,,,,Assisted Living; Nursing Facility,,,,,601 N Rose Hill Rd,,,Rose Hill,,,KS,,67133-9336,US,37.5679609,-97.136146,
Rossville Healthcare & Rehab Center,,,,,,785-584-6804,,,,,,,,,,,,785-584-6104,,,,,,,,,,,,,,,,Nursing Facility,,,,,600 Perry,,,Rossville,,,KS,,66533-0787,US,39.13625700000001,-95.94339269999999,
Homestead of Russell,,,,,,785-483-2797,,,,,,,,,,,,785-483-5882,,,,,,,,,,,,,,,,Assisted Living,,,,,1070 E Wichita Ave,,,Russell,,,KS,,67665-2452,US,38.8846429,-98.84425519999999,
Wheatland Nursing & Rehabilitation Center,,,,,,785-483-4981,,,,,,,,,,,,785-483-5364,,,www.americareusa.net/skilled_nursing_facility/Russell_KS/zip_67665/americare/1356,,,,,,,,,,,,,Nursing Facility,,,,,320 S Lincoln St,,,Russell,,,KS,,67665-2910,US,38.88181489999999,-98.8631862,
Sabetha Manor,,,,,,785-284-0013,,,,,,,,,,,,785-284-3411,,,www.americareusa.net/skilled_nursing_facility/Sabetha_KS/zip_66534/americare/1355,,,,,,,,,,,,,Nursing Facility,,,,,1441 Oregon St,,,Sabetha,,,KS,,66534-2134,US,39.8991683,-95.8093233,
Dignity Care Home,,,,,,785-823-3737,,,,,,,,,,,,785-823-3434,,,,,,,,,,,,,,,,RHCF,,,,,745 Faith Dr,,,Salina,,,KS,,67401-5269,US,38.82553139999999,-97.5889322,
Eaglecrest Retirement Community,,,,,,785-309-1502,,,,,,,,,,,,785-309-1501,,,www.midwest-health.com/eaglecrest,,,,,,,,,,,,,Assisted Living,,,,,1501 E Magnolia Rd,,,Salina,,,KS,,67401,US,38.798858,-97.5871415,
Holiday Resort of Salina,,,,,,785-820-9352,,,,,,,,,,,,785-825-2201,,,www.midwest-health.com/holiday-resort,,,,,,,,,,,,,Nursing Facility,,,,,2825 Resort Dr,,,Salina,,,KS,,67401,US,38.8399836,-97.5585634,
Kenwood View Health and Rehabilitation Center,,,,,,785-825-2432,,,,,,,,,,,,785-825-5471,,,www.kenwoodview.com,,,,,,,,,,,,,Nursing Facility,,,,,900 Elmhurst Blvd,,,Salina,,,KS,,67401-7402,US,38.8293326,-97.5965648,
Legacy at Salina,,,,,,,,,,,,,,,,,,785-825-6757,,,,,,,,,,,,,,,,Nursing Facility,,,,,623 S 3rd St,,,Salina,,,KS,,67401,US,38.82972960000001,-97.60525319999999,
Pinnacle Park Nursing & Rehab Center,,,,,,785-827-1327,,,,,,,,,,,,785-825-6954,,,www.pinnacleparkrehab.com,,,,,,,,,,,,,Nursing Facility,,,,,2936 Georgia Ave,,,Salina,,,KS,,67401-7933,US,38.7848918,-97.62647079999999,
Smoky Hill Rehabilitation Center,,,,,,785-823-7631,,,,,,,,,,,,785-823-7107,,,www.hmghealthcare.com,,,,,,,,,,,,,Nursing Facility,,,,,1007 Johnstown Ave,,,Salina,,,KS,,67401-3021,US,38.8420506,-97.59569959999999,
Pleasant Valley Manor,,,,,,620-725-5536,,,,,,,,,,,,620-725-3153,,,www.americareusa.net/skilled_nursing_facility/Sedan_KS/zip_67361/americare/1353,,,,,,,,,,,,,Nursing Facility,,,,,613 E Elm St, PO Box 40,,Sedan,,,KS,,67361-1406,US,37.1289788,-96.17945560000001,
Diversicare of Sedgwick,,,,,,316-772-0396,,,,,,,,,,,,316-772-5185,,,diversicareofsedgwick.com,,,,,,,,,,,,,Nursing Facility,,,,,712 Monroe Ave, PO Box 49,,Sedgwick,,,KS,,67135-0049,US,37.9201005,-97.42958689999999,
Life Care Center of Seneca,,,,,,785-336-3621,,,,,,,,,,,,785-336-3528,,,lifecarecenterofseneca.com,,,,,,,,,,,,,Nursing Facility,,,,,512 Community Dr,,,Seneca,,,KS,,66538-9781,US,39.8391465,-96.08053819999999,
Brookdale Rosehill,,,,,,913-962-7601,,,,,,,,,,,,913-962-7600,,,,,,,,,,,,,,,,Assisted Living; Nursing Facility,,,,,12802 Johnson Dr,,,Shawnee,,,KS,,66216-1645,US,39.0231773,-94.734206,
Brookdale Shawnee,,,,,,913-248-0030,,,,,,,,,,,,913-248-1500,,,www.brookdale.com,,,,,,,,,,,,,RHCF,,,,,11400 W 65th St,,,Shawnee,,,KS,,66203-5555,US,39.0116174,-94.719391,Shawnee Mission Springs
Sharon Lane Health Services,,,,,,913-631-7723,,,,,,,,,,,,913-631-8200,,,www.sharonlane.com,,,,,,,,,,,,,Nursing Facility,,,,,10315 Johnson Dr,,,Shawnee,,,KS,,66203-3065,US,39.021811,-94.70584699999999,
Shawnee Gardens Healthcare & Rehab Center,,,,,,913-631-0163,,,,,,,,,,,,913-631-2146,,,,,,,,,,,,,,,,Nursing Facility,,,,,6416 Long St,,,Shawnee,,,KS,,66216-2500,US,39.0114816,-94.73026320000001,Shawnee Executive Plaza
Smith Center Health & Rehabilitation,,,,,,785-282-3336,,,,,,,,,,,,785-282-6696,,,smithcenterhealthandrehab.com,,,,,,,,,,,,,Nursing Facility,,,,,117 W 1st St #369,,,Smith Center,,,KS,,66967-2005,US,39.77908790000001,-98.7860175,
"Spring Hill Care & Rehabilitation Center, LLC",,,,,,913-592-2235,,,,,,,,,,,,913-592-3100,,,,,,,,,,,,,,,,Nursing Facility,,,,,251 E Wilson Ave,,,Spring Hill,,,KS,,66083-8713,US,38.7446583,-94.8222923,
Atria Hearthstone West,,,,,,785-234-4002,,,,,,,,,,,,785-234-6225,,,www.atriaseniorliving.com,,,,,,,,,,,,,Assisted Living,,,,,3515 SW 6th Ave,,,Topeka,,,KS,,66606-1900,US,39.05811049999999,-95.7197649,Central Topeka 1
"Autumn Home Plus, Inc.",,,,,,785-232-9733,,,,,,,,,,,,785-232-0730,,,,,,,,,,,,,,,,Home Plus,,,,,747 NW Walnut Ln,,,Topeka,,,KS,,66617,US,39.0990135,-95.67266719999999,North Topeka
Brighton Place West,,,,,,785-232-3907,,,,,,,,,,,,785-232-1212,,,savaseniorcare.com,,,,,,,,,,,,,Nursing Facility,,,,,331 SW Oakley Ave,,,Topeka,,,KS,,66606-1914,US,39.0621581,-95.7158285,Central Topeka 1
Brookdale Topeka,,,,,,785-271-5595,,,,,,,,,,,,785-271-5100,,,www.brookdale.com,,,,,,,,,,,,,RHCF,,,,,5800 SW Drury Lane,,,Topeka,,,KS,,66604-2262,US,39.04050900000001,-95.75279069999999,West Southwest 2
Countryside Health Center,,,,,,785-232-8781,,,,,,,,,,,,785-234-6147,,,www.midwest-health.com,,,,,,,,,,,,,Nursing Facility; RHCF,,,,,440 SE Woodland Ave,,,Topeka,,,KS,,66607-2172,US,39.0479499,-95.6389655,East Topeka North
Legacy on 10th Avenue,,,,,,785-233-4212,,,,,,,,,,,,785-233-8918,,,,,,,,,,,,,,,,Nursing Facility,,,,,2015 SE 10th Ave,,,Topeka,,,KS,,66607-1698,US,39.0433713,-95.6494424,East Topeka South
Lexington Park Assisted Living,,,,,,785-440-0498,,,,,,,,,,,,785-440-0399,,,www.midwest-health.com/kelly-house-topeka,,,,,,,,,,,,,Assisted Living,,,,,1021 SW Fleming Ct,,,Topeka,,,KS,,66604-1851,US,39.049518,-95.72943599999999,West Southwest 2
Lexington Park Nursing & Post Acute Center,,,,,,785-440-0505,,,,,,,,,,,,785-440-0500,,,www.midwest-health.com/lexington-park-health-rehab,,,,,,,,,,,,,Nursing Facility,,,,,1031 SW Fleming Ct,,,Topeka,,,KS,,66604,US,39.049203,-95.72865039999999,West Southwest 2
Manorcare Health Services of Topeka,,,,,,785-271-1189,,,,,,,,,,,,785-271-6808,,,www.heartland-manorcare.com/locations/manorcare-health-services-topeka,,,,,,,,,,,,,Nursing Facility,,,,,2515 SW Wanamaker Rd,,,Topeka,,,KS,,66614-5269,US,39.0205061,-95.76319840000001,Southwest Topeka
McCrite Plaza Health Center,,,,,,785-267-0138,,,,,,,,,,,,785-267-2960,,,www.mccriteretirement.com,,,,,,,,,,,,,Nursing Facility,,,,,1610 SW 37th St,,,Topeka,,,KS,,66611-2564,US,39.0013452,-95.69782889999999,South/Southeast 1
McCrite Retirement Assisted Living,,,,,,785-267-0138,,,,,,,,,,,,785-267-2960,,,www.mccriteretirement.com,,,,,,,,,,,,,Assisted Living,,,,,1608 SW 37th Street,,,Topeka,,,KS,,66611,US,39.0018353,-95.698544,South/Southeast 1
Peggy Kelly House I,,,,,,785-234-0885,,,,,,,,,,,,785-234-8888,,,www.midwest-health.com/kelly-house-topeka,,,,,,,,,,,,,RHCF,,,,,2111 SW Randolph Ave,,,Topeka,,,KS,,66614-1547,US,39.02892850000001,-95.71149729999999,Central Topeka 2
Peggy Kelly House II,,,,,,785-271-6638,,,,,,,,,,,,785-271-9594,,,www.midwest-health.com/kelly-house-topeka,,,,,,,,,,,,,RHCF,,,,,1800 Fairmont Rd,,,Topeka,,,KS,,66604-3699,US,39.0342524,-95.74545810000001,West Southwest 3
Plaza West Regional Health Center,,,,,,785-271-6709,,,,,,,,,,,,785-271-6700,,,www.plazawestcare.com,,,,,,,,,,,,,Nursing Facility,,,,,1570 SW Westport Dr,,,Topeka,,,KS,,66604-4030,US,39.03844999999999,-95.759047,Southwest Topeka
Rolling Hills Assisted Living Apartments,,,,,,785-271-2496,,,,,,,,,,,,785-273-2202,,,www.midwest-health.com/rolling-hills,,,,,,,,,,,,,Assisted Living,,,,,2410 SW Urish Rd,,,Topeka,,,KS,,66614-4347,US,39.0243744,-95.7801841,Southwest Topeka
Rolling Hills Health Center,,,,,,785-273-0794,,,,,,,,,,,,785-273-5001,,,www.midwest-health.com/rolling-hills-health-rehab,,,,,,,,,,,,,Nursing Facility,,,,,2400 SW Urish Rd,,,Topeka,,,KS,,66614-4347,US,39.0254691,-95.7800334,Southwest Topeka
Tanglewood Nursing & Rehabilitation,,,,,,785-273-0959,,,,,,,,,,,,785-273-0886,,,www.hmghealthcare.com,,,,,,,,,,,,,Nursing Facility,,,,,5015 SW 28th St,,,Topeka,,,KS,,66614-2319,US,39.01651409999999,-95.740005,West Southwest 3
The Healthcare Resort of Topeka,,,,,,785-272-2125,,,,,,,,,,,,785-272-2124,,,,,,,,,,,,,,,,Nursing Facility,,,,,6300 SW 6th Ave,,,Topeka,,,KS,,66615,US,39.05875350000001,-95.7694564,West Southwest 2
The Homestead of Topeka,,,,,,785-272-3862,,,,,,,,,,,,785-272-2200,,,www.midwest-health.com/topeka,,,,,,,,,,,,,Assisted Living,,,,,5820 SW Drury Ln,,,Topeka,,,KS,,66604-2262,US,39.0405398,-95.7534539,West Southwest 2
Winter Meadow Homes I,,,,,,785-234-2989,,,,,,,,,,,,785-234-2989,,,,,,,,,,,,,,,,Home Plus,,,,,2832 SW Mulvane St,,,Topeka,,,KS,,66611-1626,US,39.0184488,-95.6983247,Central Topeka 2
Valley Health Care Center,,,,,,785-945-3708,,,,,,,,,,,,785-945-3832,,,www.midwest-health.com/valley,,,,,,,,,,,,,Nursing Facility; RHCF,,,,,400 12th St, PO Box 189,,Valley Falls,,,KS,,66088-0189,US,39.3375506,-95.4579749,
"Wakefield Care & Rehabilitation Center, LLC",,,,,,785-461-5667,,,,,,,,,,,,785-461-5417,,,,,,,,,,,,,,,,Assisted Living; Nursing Facility,,,,,509 Grove St,,,Wakefield,,,KS,,67487-9159,US,39.214842,-97.0181484,
Wathena Healthcare & Rehabilitation Center,,,,,,785-989-3365,,,,,,,,,,,,785-989-3141,,,,,,,,,,,,,,,,Nursing Facility,,,,,2112 Hwy 36,,,Wathena,,,KS,,66090-0649,US,39.7677376,-94.9563136,
Coffey County Hospital LTCU DBA Sunset Manor,,,,,,785-733-2514,,,,,,,,,,,,785-733-2744,,,,,,,,,,,,,,,,Nursing Facility,,,,,128 S Pearson,,,Waverly,,,KS,,66871,US,38.3879883,-95.6002462,
"Wellington Care & Rehabilitation Center, LLC",,,,,,620-326-7421,,,,,,,,,,,,620-326-7437,,,,,,,,,,,,,,,,Nursing Facility,,,,,102 W Botkin St,,,Wellington,,,KS,,67152-2302,US,37.2532778,-97.39762150000001,
Wellington Health & Rehabilitation,,,,,,620-326-5769,,,,,,,,,,,,620-326-2232,,,wellingtonhealthandrehab.com,,,,,,,,,,,,,Nursing Facility,,,,,1600 W 8th St,,,Wellington,,,KS,,67152,US,37.2662742,-97.42062779999999,
Wellsville Manor,,,,,,785-883-2200,,,,,,,,,,,,785-883-4101,,,www.wellsvillerc.com,,,,,,,,,,,,,Assisted Living; Nursing Facility,,,,,304 W 7th,,,Wellsville,,,KS,,66092-7800,US,38.7162622,-95.08506659999999,
Avita Health and Rehab at Reeds Cove,,,,,,,,,,,,,,,,,,316-500-8800,,,reedscovehealthandrehab.com,,,,,,,,,,,,,Nursing Facility,,,,,2114 North 127th Court East,,,Wichita,,,KS,,67228,US,37.7215317,-97.1865297,
Avita Senior Living at Rolling Hills,,,,,,,,,,,,,,,,,,316-361-2500,,,avitarollinghills.com,,,,,,,,,,,,,Assisted Living; RHCF,,,,,629 S Maize Ct,,,Wichita,,,KS,,67209,US,37.6731434,-97.46551009999999,
Caring Hearts for Senior Living,,,,,,316-773-2492,,,,,,,,,,,,316-993-8942,,,,,,,,,,,,,,,,Home Plus,,,,,1229 S Byron Rd,,,Wichita,,,KS,,67209,US,37.6713848,-97.447373,
Comfort Care Homes Inc #509,,,,,,316-685-9822,,,,,,,,,,,,316-685-3322,,,www.comfortcarehomes.com,,,,,,,,,,,,,Home Plus,,,,,509 N Tallyrand St,,,Wichita,,,KS,,67206-1603,US,37.69455479999999,-97.25101699999999,
Family Health & Rehabilitation Center,,,,,,316-425-8400,,,,,,,,,,,,316-425-5600,,,www.familyhealthrehab.com,,,,,,,,,,,,,Nursing Facility,,,,,639 S Maize Ct,,,Wichita,,,KS,,67209-1337,US,37.672657,-97.4638487,
"Fusion Senior Care Homes, LLC",,,,,,,,,,,,,,,,,,316-462-9595,,,,,,,,,,,,,,,,Home Plus,,,,,512 N. Bebe Street,,,Wichita,,,KS,,67212,US,37.6914628,-97.3997943,Orchard Breeze
Homestead of Crestview,,,,,,316-733-8033,,,,,,,,,,,,316-733-8100,,,www.lakepointnc.com,,,,,,,,,,,,,Assisted Living,,,,,600 N 127th St E,,,Wichita,,,KS,,67206-2830,US,37.695701,-97.1879031,
"LakePoint Wichita, LLC",,,,,,316-943-1399,,,,,,,,,,,,316-943-1294,,,www.omegasrliving.com,,,,,,,,,,,,,Assisted Living; Nursing Facility; RHCF,,,,,1315 N West St,,,Wichita,,,KS,,67203-1302,US,37.7067394,-97.39134899999999,
Legacy at College Hill,,,,,,316-685-2819,,,,,,,,,,,,316-685-9291,,,,,,,,,,,,,,,,Nursing Facility,,,,,5005 E 21st St N,,,Wichita,,,KS,,67208-1604,US,37.7223844,-97.2783,Chisholm Creek
Life Care Center of Wichita,,,,,,316-686-3993,,,,,,,,,,,,316-686-5100,,,lifecarecenterofwichita.com,,,,,,,,,,,,,Nursing Facility,,,,,622 N Edgemoor St,,,Wichita,,,KS,,67208-3602,US,37.69649140000001,-97.2703272,
Manorcare Health Services of Wichita,,,,,,316-682-8909,,,,,,,,,,,,316-684-8018,,,www.heartland-manorcare.com/locations/manorcare-health-services-wichita,,,,,,,,,,,,,Nursing Facility,,,,,7101 E 21st St N,,,Wichita,,,KS,,67206-1044,US,37.72235439999999,-97.2551611,
Meadowlark Adult Care Home 5,,,,,,316-773-7077,,,,,,,,,,,,316-773-2277,,,www.meadowlarkcarehomes.com,,,,,,,,,,,,,Home Plus,,,,,8101 West Maple,,,Wichita,,,KS,,67209,US,37.67937999999999,-97.43646299999999,
Medicalodges Wichita,,,,,,316-265-3700,,,,,,,,,,,,316-265-5693,,,www.medicalodgeswichita.com,,,,,,,,,,,,,Nursing Facility,,,,,2280 S Minneapolis Ave,,,Wichita,,,KS,,67211-5398,US,37.652633,-97.314403,
Meridian Rehabilitation and Health Care Center,,,,,,316-945-7682,,,,,,,,,,,,316-942-8471,,,www.meridiannursingrehab.com,,,,,,,,,,,,,Nursing Facility,,,,,1555 N Meridian St,,,Wichita,,,KS,,67203-1998,US,37.7117619,-97.3724463,Indian Hills Riverbend
Peace of Mind LLC II,,,,,,,,,,,,,,,,,,316-295-4538,,,,,,,,,,,,,,,,Home Plus,,,,,223 N Burr Oak Rd,,,Wichita,,,KS,,67206,US,37.68938,-97.2472299,
Premier Living by Warden,,,,,,316-945-0670,,,,,,,,,,,,316-945-2028,,,www.liveatpremier.com/contact/index.html,,,,,,,,,,,,,Home Plus,,,,,234 S Anna St,,,Wichita,,,KS,,67209-2404,US,37.6810887,-97.3981828,Orchard Breeze
Reflections Residential Care,,,,,,316-775-6064,,,,,,,,,,,,316-214-3359,,,,,,,,,,,,,,,,Home Plus,,,,,1201 N Pinecrest St,,,Wichita,,,KS,,67208-2735,US,37.70612089999999,-97.274793,
Residence Begonia Home Plus,,,,,,316-260-9229,,,,,,,,,,,,316-312-3237,,,residencebegonia.com,,,,,,,,,,,,,Home Plus,,,,,8327 E Zimmerly,,,Wichita,,,KS,,67207,US,37.6680713,-97.2370421,
Rolling Hills Health & Rehabilitation,,,,,,316-722-5641,,,,,,,,,,,,316-722-6916,,,rollinghillshealthandrehab.com,,,,,,,,,,,,,Nursing Facility,,,,,1319 Seville St,,,Wichita,,,KS,,67209-3306,US,37.6698384,-97.45426529999999,
Sandpiper Healthcare & Rehab Center,,,,,,316-260-9544,,,,,,,,,,,,316-945-3606,,,,,,,,,,,,,,,,Nursing Facility,,,,,5808 W 8th St,,,Wichita,,,KS,,67212-2802,US,37.7004636,-97.4110652,
The Homestead of Wichita,,,,,,316-729-2403,,,,,,,,,,,,316-729-2400,,,www.midwest-health.com/wichita,,,,,,,,,,,,,Assisted Living,,,,,12221 W Maple St,,,Wichita,,,KS,,67235,US,37.6781813,-97.48291379999999,
"Wichita Care & Rehabilitation Center, LLC",,,,,,316-683-7280,,,,,,,,,,,,316-683-7588,,,,,,,,,,,,,,,,Nursing Facility,,,,,4007 E Lincoln St,,,Wichita,,,KS,,67218-2111,US,37.6715289,-97.2883002,Hilltop
"Wilson Care & Rehabilitation Center, LLC",,,,,,785-658-2504,,,,,,,,,,,,785-658-2505,,,,,,,,,,,,,,,,Nursing Facility,,,,,611 31st St, PO Box 160,,Wilson,,,KS,,67490-0160,US,38.82074730000001,-98.4775312,
Yates Center Health & Rehabilitation,,,,,,620-625-3630,,,,,,,,,,,,620-625-2111,,,yatescenterhealthandrehab.com,,,,,,,,,,,,,Nursing Facility,,,,,801 S. Fry, PO Box 265,,Yates Center,,,KS,,66783-0265,US,37.8753025,-95.7388933,
