row_id,﻿Facility Name,Facility Type(s),Address1,Address2,City,Zip,State,Phone,Fax,Website,Country
USA-KS-89-KS-AssistedLiving-output-1,Alma Manor,Nursing Facility; RHCF,234 Manor Circle,,Alma,66401-0127,KS,785-765-3318,785-765-3589,www.midwest-health.com/alma-manor,US
USA-KS-89-KS-AssistedLiving-output-2,Progressive Care Home Plus LLC,Home Plus,513 Mill St,,Alton,67623,KS,785-984-2290,785-984-2293,,US
USA-KS-89-KS-AssistedLiving-output-3,Andover Court Assisted Living,Assisted Living,721 W 21st St N,,Andover,67002-8491,KS,316-733-2662,316-733-6754,www.andovercourtretirement.com,US
USA-KS-89-KS-AssistedLiving-output-4,Life Care Center of Andover,Nursing Facility,621 W 21st St, PO Box 100,Andover,67002-0100,KS,316-733-1349,316-733-0919,lifecarecenterofandover.com,US
USA-KS-89-KS-AssistedLiving-output-5,Medicalodges Arkansas City,Nursing Facility,203 E Osage Ave,,Arkansas City,67005-1255,KS,620-442-9300,620-442-0126,www.medicalodgesarkansascity.com,US
USA-KS-89-KS-AssistedLiving-output-6,Arma Health & Rehabilitation,Nursing Facility,605 E Melvin PO Box 789,,Arma,66712-0789,KS,620-347-4103,620-347-4018,armahealthandrehab.com,US
USA-KS-89-KS-AssistedLiving-output-7,Gran Villas Atchison,Assisted Living,1635 Riley St,,Atchison,66002-1514,KS,913-367-2077,913-367-1755,www.granvillasatchison.com,US
USA-KS-89-KS-AssistedLiving-output-8,Medicalodges Atchison,Nursing Facility,1637 Riley St,,Atchison,66002-1514,KS,913-367-6066,913-367-4327,www.medicalodgesatchison.com,US
USA-KS-89-KS-AssistedLiving-output-9,The Homestead of Auburn,Assisted Living,280 E Valley Springs Dr,,Auburn,66402,KS,785-256-7100,785-256-7902,www.midwest-health.com/auburn,US
USA-KS-89-KS-AssistedLiving-output-10,Homestead of Augusta,Assisted Living; RHCF,1611 Fairway Drive,,Augusta,67010,KS,316-775-1000,316-775-6309,www.midwest-health.com/augusta,US
USA-KS-89-KS-AssistedLiving-output-11,"LakePoint Augusta, LLC",Assisted Living; Nursing Facility,901 LakePoint Dr,,Augusta,67010,KS,316-775-6333,316-775-6330,www.omegasrliving.com,US
USA-KS-89-KS-AssistedLiving-output-12,Baldwin Healthcare & Rehab Center,Nursing Facility,1223 Orchard Ln,,Baldwin City,66006-9804,KS,785-594-6492,785-594-2854,,US
USA-KS-89-KS-AssistedLiving-output-13,"ComfortCare Homes of Baldwin City, LLC",Home Plus,232 Elm St,,Baldwin City,66006,KS,785-594-2603,785-594-3924,www.comfortcareks.com,US
USA-KS-89-KS-AssistedLiving-output-14,Vintage Park at Baldwin City LLC,Assisted Living,321 Crimson Ave,,Baldwin City,66006-4011,KS,785-594-4255,785-594-2280,www.gracemanagement.com,US
USA-KS-89-KS-AssistedLiving-output-15,Country Place Senior Living of Basehor,Assisted Living,15707 Pinehurst Dr,,Basehor,66007,KS,913-662-7330,913-662-7333,countryplaceliving.com/index.php/basehor-ks-title-link,US
USA-KS-89-KS-AssistedLiving-output-16,Quaker Hill Manor,Nursing Facility,8675 SE 72nd Terr,,Baxter Springs,66713-9780,KS,620-848-3797,620-848-3017,www.americareusa.net/skilled_nursing_facility/Baxter_Springs_KS/zip_66713/americare/1354,US
USA-KS-89-KS-AssistedLiving-output-17,Belleville Health Care Center,Nursing Facility,2626 Wesleyan Dr,,Belleville,66935-2440,KS,785-527-5636,785-527-5419,www.hmghealthcare.com,US
USA-KS-89-KS-AssistedLiving-output-18,Prairie Wind Senior Living,Home Plus,5221 SE 77th St,,Berryton,66409,KS,785-862-1287,,www.prairiewindseniorliving.com,US
USA-KS-89-KS-AssistedLiving-output-19,Cambridge Place DBA Blue Valley Nursing Home,Nursing Facility; RHCF,710 Western Ave,,Blue Rapids,66411,KS,785-363-7777,785-363-7620,www.bluevalleyhealthcare.com,US
USA-KS-89-KS-AssistedLiving-output-20,Bonner Springs Nursing & Rehab Center,Nursing Facility,520 E Morse Ave,,Bonner Springs,66012-1911,KS,913-441-2515,913-441-7313,www.BonnerSpringsNursing&Rehab.com,US
USA-KS-89-KS-AssistedLiving-output-21,Life Care Center of Burlington,Nursing Facility,601 Cross St,,Burlington,66839-1105,KS,620-364-2117,620-364-2013,lifecarecenterofburlington.com,US
USA-KS-89-KS-AssistedLiving-output-22,The Meadows,Assisted Living,1201 Martindale St,,Burlington,66839-2400,KS,620-364-8861,620-364-5504,www.coffeyhealth.org/LongtermCare/TheMeadows,US
USA-KS-89-KS-AssistedLiving-output-23,Guest Home Estates,RHCF,400 S McGee,,Caney,67333-2157,KS,620-879-5199,620-879-5291,www.guesthomeestates.com/guest-home-estates-i-ii,US
USA-KS-89-KS-AssistedLiving-output-24,Diversicare of Chanute,Nursing Facility,530 W 14th St,,Chanute,66720-2877,KS,620-431-4940,620-431-4147,diversicareofchanute.com,US
USA-KS-89-KS-AssistedLiving-output-25,Guest Home Estates II,RHCF,1202 S Plummer,,Chanute,66720,KS,620-431-9509,620-431-0471,www.guesthomeestates.com/guest-home-ii,US
USA-KS-89-KS-AssistedLiving-output-26,Guest Home Estates III,RHCF,7440 220th Rd,,Chanute,66720,KS,620-431-7115,620-431-0402,www.guesthomeestates.com/guest-home-estates-iii,US
USA-KS-89-KS-AssistedLiving-output-27,Heritage Health Care Center,Nursing Facility,1630 W 2nd St,,Chanute,66720-1930,KS,620-431-4151,620-431-6928,www.americareusa.net/skilled_nursing_facility/Chanute_KS/zip_66720/americare/1349,US
USA-KS-89-KS-AssistedLiving-output-28,Cheney Golden Age Home Plus,Home Plus,802 North Main Street,,Cheney,67025-0370,KS,316-540-3691,316-542-0165,,US
USA-KS-89-KS-AssistedLiving-output-29,Cherryvale Nursing and Rehabilitation Center,Nursing Facility,1001 W Main St, PO Box 366,Cherryvale,67335-0366,KS,620-336-2102,620-336-2236,www.cherryvalecare.com,US
USA-KS-89-KS-AssistedLiving-output-30,Chetopa Manor,Nursing Facility,814 Walnut St, PO Box 167,Chetopa,67336-0167,KS,620-236-7248,620-236-7919,www.woodworthhealthcare.com/chetopa.html,US
USA-KS-89-KS-AssistedLiving-output-31,Medicalodges Clay Center,Nursing Facility; RHCF,715 Liberty St, PO Box 517,Clay Center,67432-0517,KS,785-632-5696,785-632-2855,www.medicalodgesclaycenter.com,US
USA-KS-89-KS-AssistedLiving-output-32,Clearwater Nursing & Rehabilitation Center,Nursing Facility,620 E Wood St,,Clearwater,67026-9757,KS,620-584-2271,620-584-4583,,US
USA-KS-89-KS-AssistedLiving-output-33,Clearwater Village,Assisted Living,440 N Fourth,,Clearwater,67026,KS,620-584-4183,620-584-4575,,US
USA-KS-89-KS-AssistedLiving-output-34,Assisted Living at Windsor Place,Assisted Living,2904 W 8th St,,Coffeyville,67337,KS,620-251-0214,620-251-5345,www.windsorplace.net,US
USA-KS-89-KS-AssistedLiving-output-35,Medicalodges Coffeyville,Nursing Facility,720 W 1st St,,Coffeyville,67337-3854,KS,620-251-3705,620-251-2410,www.medicalodgescoffeyville.com,US
USA-KS-89-KS-AssistedLiving-output-36,Colby Health & Rehabilitation,Nursing Facility,105 E College Dr,,Colby,67701-3701,KS,785-462-6721,785-460-2136,colbyhealthandrehab.com,US
USA-KS-89-KS-AssistedLiving-output-37,Medicalodges Columbus,Nursing Facility; RHCF,101 N Lee Ave,,Columbus,66725-0351,KS,620-429-2134,620-429-8956,www.medicalodgescolumbus.com,US
USA-KS-89-KS-AssistedLiving-output-38,Spring View Manor,Nursing Facility,412 S 8th St, PO Box 98,Conway Springs,67031-0098,KS,620-456-2285,620-456-2323,www.springviewmanorinc.com,US
USA-KS-89-KS-AssistedLiving-output-39,"Chase County Care & Rehabilitation Center, LLC",Nursing Facility,612 Walnut St,,Cottonwood Falls,66845-9798,KS,620-273-6360,620-273-8536,,US
USA-KS-89-KS-AssistedLiving-output-40,Diversicare of Council Grove,Nursing Facility,400 Sunset Dr, PO Box 319,Council Grove,66846-0319,KS,620-767-5172,620-767-6622,diversicareofcouncilgrove.com,US
USA-KS-89-KS-AssistedLiving-output-41,Hilltop Manor,Nursing Facility,403 S Valley, PO Box 8,Cunningham,67035-0008,KS,620-298-2781,620-298-3437,www.americareusa.net/skilled_nursing_facility/Cunningham_KS/zip_67035/americare/10512,US
USA-KS-89-KS-AssistedLiving-output-42,Hillside Village of DeSoto,Assisted Living; Nursing Facility,33600 W 85th St,,DeSoto,66018-8118,KS,913-583-1260,913-585-1225,www.hillsidedesoto.com,US
USA-KS-89-KS-AssistedLiving-output-43,Avita Senior Living at Derby,Assisted Living,719 N Klein,,Derby,67037,KS,316-260-4447,316-440-4093,derbyassistedliving.com,US
USA-KS-89-KS-AssistedLiving-output-44,Derby Health and Rehabilitation LLC,Nursing Facility,731 Klein Ct,,Derby,67037,KS,316-719-2400,316-440-9587,derbyhealthandrehab.com,US
USA-KS-89-KS-AssistedLiving-output-45,Homestead of Derby,Assisted Living,1701 E Walnut Grove Rd,,Derby,67037-3527,KS,316-788-9600,316-788-8963,,US
USA-KS-89-KS-AssistedLiving-output-46,Diamond View Estates,Assisted Living,775 Diamond View Dr,,Dighton,67839,KS,620-397-5111,620-397-5119,,US
USA-KS-89-KS-AssistedLiving-output-47,Medicalodges Douglass,Nursing Facility,619 S HWY 77,,Douglass,67039-0479,KS,316-747-2157,316-747-2084,www.medicalodgesdouglass.com,US
USA-KS-89-KS-AssistedLiving-output-48,"Downs Care & Rehabilitation Center, LLC",Nursing Facility,1218 Kansas St,,Downs,67437-1404,KS,785-454-3321,785-454-3980,,US
USA-KS-89-KS-AssistedLiving-output-49,Country Care Inc,Nursing Facility,515 Dawson Rd,,Easton,66020,KS,913-773-5517,913-773-5562,countrycare.org,US
USA-KS-89-KS-AssistedLiving-output-50,"Edwardsville Care & Rehabilitation , LLC",Nursing Facility,751 Blake St,,Edwardsville,66111-1338,KS,913-441-1900,913-441-0410,,US
USA-KS-89-KS-AssistedLiving-output-51,"Kaw River Care & Rehabilitation Center, LLC",Nursing Facility,750 Blake St,,Edwardsville,66111-1339,KS,913-422-5832,913-441-6223,,US
USA-KS-89-KS-AssistedLiving-output-52,"Parkway Care & Rehabilitation Center, LLC",Nursing Facility,749 Blake St,,Edwardsville,66111-1338,KS,913-422-5952,913-442-2044,,US
USA-KS-89-KS-AssistedLiving-output-53,"El Dorado Care & Rehabilitation Center, LLC",Nursing Facility,900 Country Club Ln,,El Dorado,67042-4206,KS,316-321-4444,316-321-4513,,US
USA-KS-89-KS-AssistedLiving-output-54,Homestead of El Dorado,Assisted Living,1650 E 12th Ave,,El Dorado,67042,KS,316-321-7777,316-321-6115,www.vintageplaceeldorado.com,US
USA-KS-89-KS-AssistedLiving-output-55,"LakePoint El Dorado, LLC",Assisted Living; Nursing Facility,1313 S High St,,El Dorado,67042-3751,KS,316-321-4140,316-321-7690,www.omegasrliving.com,US
USA-KS-89-KS-AssistedLiving-output-56,Woodhaven Care Center,Nursing Facility,510 W 7th St,,Ellinwood,67526-1101,KS,620-564-2337,620-564-3527,www.woodhavencarecenter.com,US
USA-KS-89-KS-AssistedLiving-output-57,Emporia Place,Assisted Living,1200 W 12th Ave,,Emporia,66801-2557,KS,620-342-1000,620-342-2762,,US
USA-KS-89-KS-AssistedLiving-output-58,Guest Home Estates VIII,RHCF,114 E Marshall St,,Erie,66733,KS,620-244-5301,620-244-5482,www.guesthomeestates.com/guest-home-estates-viii,US
USA-KS-89-KS-AssistedLiving-output-59,"Eskridge Care & Rehabilitation Center, LLC",Nursing Facility,505 N Main St,,Eskridge,66423-9618,KS,785-449-2294,785-449-2285,,US
USA-KS-89-KS-AssistedLiving-output-60,Medicalodges Eudora,Nursing Facility,1415 Maple St,,Eudora,66025-0400,KS,785-542-2176,785-542-2177,www.medicalodgeseudora.com,US
USA-KS-89-KS-AssistedLiving-output-61,Eureka Nursing Center,Nursing Facility,1020 N School St,,Eureka,67045-1106,KS,620-583-7418,620-583-6621,www.americareusa.net/skilled_nursing_facility/Eureka_KS/zip_67045/americare/1347,US
USA-KS-89-KS-AssistedLiving-output-62,Medicalodges Fort Scott,Nursing Facility,915 Horton St, PO Box 510,Fort Scott,66701-0510,KS,620-223-0210,620-223-0244,wwww.medicalodgesfortscott.com,US
USA-KS-89-KS-AssistedLiving-output-63,Medicalodges Frontenac,Nursing Facility,206 S Dittman St,,Frontenac,66763-2299,KS,620-231-7340,620-231-3955,www.medicalodgesfrontenac.com,US
USA-KS-89-KS-AssistedLiving-output-64,Galena Nursing & Rehab Center,Nursing Facility,1220 E 8th St,,Galena,66739-0186,KS,620-783-1383,620-783-5354,www.americareusa.net/skilled_nursing_facility/Galena_KS/zip_66739/americare/1348,US
USA-KS-89-KS-AssistedLiving-output-65,The Homestead Health & Rehab Center,Nursing Facility,2308 N 3rd St, PO Box 955,Garden City,67846-0955,KS,620-276-7643,620-276-8717,www.midwest-health.com/homestead-health-rehab,US
USA-KS-89-KS-AssistedLiving-output-66,The Homestead of Garden City,Assisted Living,2414 N Henderson Dr,,Garden City,67846,KS,620-272-9800,620-272-0555,www.midwest-health.com/garden-city,US
USA-KS-89-KS-AssistedLiving-output-67,Marjorie’s Home LLC GP,Home Plus,524 N Main,,Garden Plain,67050,KS,316-213-9816,316-977-8809,,US
USA-KS-89-KS-AssistedLiving-output-68,Meadowbrook Rehabilitation Hospital,Nursing Facility,427 W Main St,,Gardner,66030-1183,KS,913-856-8747,913-856-8339,www.meadowbrookrehab.com,US
USA-KS-89-KS-AssistedLiving-output-69,Medicalodges Gardner,Nursing Facility,223 Bedford St,,Gardner,66030-1167,KS,913-856-6520,913-856-7570,www.medicalodgesgardner.com,US
USA-KS-89-KS-AssistedLiving-output-70,Vintage Park at Gardner LLC,Assisted Living,869 Juniper Terr,,Gardner,66030,KS,913-856-7643,913-884-4582,www.gracemanagement.com,US
USA-KS-89-KS-AssistedLiving-output-71,Anderson County Hospital LTCU,Nursing Facility,421 S Maple St, PO Box 309,Garnett,66032-1334,KS,785-448-3131,785-448-6361,www.saintlukeshealthsystem.org,US
USA-KS-89-KS-AssistedLiving-output-72,Guest Home Estates VII,RHCF,806 W 4th,,Garnett,66032-2415,KS,785-448-6884,785-448-3377,www.guesthomeestates.com/guest-home-estates-vii-viii,US
USA-KS-89-KS-AssistedLiving-output-73,Parkview Heights Skilled Nursing & Rehabilitation,Nursing Facility,101 N Pine St,,Garnett,66032-1199,KS,785-448-2434,785-448-6524,www.parkviewheights.com,US
USA-KS-89-KS-AssistedLiving-output-74,Medicalodges Girard,Nursing Facility,511 N Western Ave,,Girard,66743-0066,KS,620-724-8288,620-724-4713,www.medicalodgesgirard.com,US
USA-KS-89-KS-AssistedLiving-output-75,Medicalodges Goddard,Nursing Facility; RHCF,501 Easy St,,Goddard,67052-9235,KS,316-794-8635,316-794-3476,www.medicalodgesgoddard.com,US
USA-KS-89-KS-AssistedLiving-output-76,Wheat Ridge Acres Assisted Living,Assisted Living; RHCF,707 Wheat Ridge Circle,,Goodland,67735-2259,KS,785-899-0100,785-899-0277,www.heritagehealthcaremanagement.com,US
USA-KS-89-KS-AssistedLiving-output-77,"Almost Home, Inc",Home Plus,1919 Van Buren,,Great Bend,67530-2136,KS,620-617-1634,620-792-6447,,US
USA-KS-89-KS-AssistedLiving-output-78,River Bend Assisted Living,Assisted Living,3820 Broadway,,Great Bend,67530,KS,620-792-7017,620-792-7117,www.americareusa.net/assisted_living/Great_Bend_KS/zip_67530/americare/1296,US
USA-KS-89-KS-AssistedLiving-output-79,Halstead Health & Rehabilitation Center,Nursing Facility,915 McNair St,,Halstead,67056,KS,316-835-3535,316-835-4848,www.midwest-health.com/halstead-health-rehab,US
USA-KS-89-KS-AssistedLiving-output-80,The Homestead of Halstead,Assisted Living,715 W 6th St,,Halstead,67056,KS,316-830-2424,316-830-3030,www.midwest-health.com/halstead,US
USA-KS-89-KS-AssistedLiving-output-81,Haven House,Home Plus,410 North Reno Ave,,Haven,67543,KS,620-465-2421,620-465-2643,,US
USA-KS-89-KS-AssistedLiving-output-82,Haviland Health & Rehabilitation,Nursing Facility,200 North Main St,,Haviland,67059-9525,KS,620-862-5291,620-862-5233,www.havilandcarecenter.com,US
USA-KS-89-KS-AssistedLiving-output-83,Cedarview Assisted Living,Assisted Living,2929 Sternberg Dr,,Hays,67601,KS,785-628-3200,785-628-9992,www.cedarviewassistedliving.com,US
USA-KS-89-KS-AssistedLiving-output-84,Diversicare of Haysville,Nursing Facility,215 N Lamar Ave,,Haysville,67060-1266,KS,316-524-3211,316-524-7470,diversicareofhaysville.com,US
USA-KS-89-KS-AssistedLiving-output-85,Legacy at Herington,Assisted Living; Nursing Facility,2 E Ash St,,Herington,67449-1662,KS,785-258-2283,785-258-3769,,US
USA-KS-89-KS-AssistedLiving-output-86,Highland Healthcare & Rehab Center,Nursing Facility,402 South Ave, PO Box 117,Highland,66035-0117,KS,785-442-3217,785-442-3733,,US
USA-KS-89-KS-AssistedLiving-output-87,Medicalodges Jackson County,Nursing Facility,1121 W 7th St,,Holton,66436-1123,KS,785-364-3164,785-364-3778,www.medicalodgesjacksoncounty.com,US
USA-KS-89-KS-AssistedLiving-output-88,"The Pines, Inc.",Home Plus,725 Iowa Avenue,,Holton,66436,KS,785-364-3314,,,US
USA-KS-89-KS-AssistedLiving-output-89,Diversicare of Hutchinson,Nursing Facility,1202 E 23rd Ave,,Hutchinson,67502-5699,KS,620-669-9393,620-669-0817,diversicareofhutchinson.com,US
USA-KS-89-KS-AssistedLiving-output-90,Hutchinson Health & Rehabilitation,Nursing Facility,2301 N Severance St,,Hutchinson,67502-4301,KS,620-662-0597,620-662-6157,hutchinsonhealthandrehab.com,US
USA-KS-89-KS-AssistedLiving-output-91,Waldron Place,Assisted Living; RHCF,1700 E 23rd,,Hutchinson,67502,KS,620-662-4114,620-662-9002,www.americareusa.net/assisted_living/Hutchinson_KS/zip_67502/americare/10609,US
USA-KS-89-KS-AssistedLiving-output-92,Gran Villas Independence,RHCF,621 S 2nd St,,Independence,67301-4311,KS,620-331-2260,620-331-7082,www.granvillasindependence.com,US
USA-KS-89-KS-AssistedLiving-output-93,Medicalodges Independence,Nursing Facility,1000 W Mulberry St,,Independence,67301-2026,KS,620-331-8789,620-331-6895,www.medicalodgesindependence.com,US
USA-KS-89-KS-AssistedLiving-output-94,Montgomery Place Nursing Center,Nursing Facility,614 S 8th St,,Independence,67301-4299,KS,620-331-2577,620-331-2544,www.americareusa.net/skilled_nursing_facility/Independence_KS/zip_67301/americare/5105,US
USA-KS-89-KS-AssistedLiving-output-95,Brookdale Junction City,Assisted Living,1022 Caroline Ave,,Junction City,66441-5206,KS,785-762-3123,785-762-6222,www.brookdale.com,US
USA-KS-89-KS-AssistedLiving-output-96,Kansas City Transitional Care Center,Nursing Facility,3910 Rainbow Blvd 400,,Kansas City,66103,KS,913-901-8462,913-362-0623,,US
USA-KS-89-KS-AssistedLiving-output-97,Life Care Center of Kansas City,Nursing Facility,3231 N 61st St,,Kansas City,66104-1415,KS,913-299-1770,913-299-1539,lifecarecenterofkansascity.com,US
USA-KS-89-KS-AssistedLiving-output-98,Medicalodges Post Acute Care Center,Nursing Facility,6500 Greeley Ave,,Kansas City,66104-2647,KS,913-334-0200,913-334-4050,www.medicalodgespostacutecare.com,US
USA-KS-89-KS-AssistedLiving-output-99,Providence Place LTCU,Nursing Facility,8909 Parallel Pkwy,,Kansas City,66112-1685,KS,913-596-4200,913-596-4901,www.providence-health.org,US
USA-KS-89-KS-AssistedLiving-output-100,The Healthcare Resort of Kansas City,Nursing Facility,8900 Parallel Parkway,,Kansas City,66112,KS,913-788-2100,,,US
USA-KS-89-KS-AssistedLiving-output-101,Victory Hills Senior Living Community,Assisted Living,1900 N 70th,,Kansas City,66102,KS,913-299-1166,913-299-9474,www.victoryhillsseniorliving.com,US
USA-KS-89-KS-AssistedLiving-output-102,Medicalodges Kinsley,Nursing Facility; RHCF,620 Winchester Ave,,Kinsley,67547-9500,KS,620-659-2156,620-659-2043,www.medicalodgeskinsley.com,US
USA-KS-89-KS-AssistedLiving-output-103,"Lansing Care & Rehabilitation Center, LLC",Nursing Facility,210 N Plaza Drive, PO Box 250,Lansing,66043,KS,913-727-1284,913-727-1859,,US
USA-KS-89-KS-AssistedLiving-output-104,Twin Oaks Assisted Living,Assisted Living,657 Eisenhower Rd,,Lansing,66043-1913,KS,913-727-6100,913-727-1722,www.midwest-health.com/twin-oaks,US
USA-KS-89-KS-AssistedLiving-output-105,Twin Oaks Health & Rehabilitation,Nursing Facility,757 W Eisenhower Rd,,Lansing,66043,KS,913-534-8336,913-250-0522,www.midwest-health.com/twin-oaks-health-rehab,US
USA-KS-89-KS-AssistedLiving-output-106,Diversicare of Larned,Nursing Facility; RHCF,1114 W 11th St,,Larned,67550-1941,KS,620-285-6914,620-285-6173,diversicareoflarned.com,US
USA-KS-89-KS-AssistedLiving-output-107,Brandon Woods at Alvamar,Assisted Living; Nursing Facility; RHCF,1501 Inverness Dr,,Lawrence,66047-1825,KS,785-838-8000,785-312-7233,www.brandonwoods.com,US
USA-KS-89-KS-AssistedLiving-output-108,Neuvant House of Lawrence,Assisted Living,1216 Biltmore Dr,,Lawrence,66049,KS,785-856-7900,785-856-7901,www.neuvanthouse.com,US
USA-KS-89-KS-AssistedLiving-output-109,Pioneer Ridge Assisted Living,Assisted Living,4851 Harvard Rd,,Lawrence,66049,KS,785-749-4200,,www.midwest-health.com/pioneer-ridge,US
USA-KS-89-KS-AssistedLiving-output-110,Pioneer Ridge Retirement Community,Assisted Living; Nursing Facility,4851 Harvard Rd,,Lawrence,66049-3964,KS,785-749-2000,785-344-1199,www.midwest-health.com/pioneer-ridge-health-rehab,US
USA-KS-89-KS-AssistedLiving-output-111,Medicalodges Leavenworth,Nursing Facility,1503 Ohio St,,Leavenworth,66048-2932,KS,913-772-1844,913-772-1968,www.medicalodgesleavenworth.com,US
USA-KS-89-KS-AssistedLiving-output-112,The Homestead of Leavenworth,Assisted Living,5150 Hughes Rd,,Leavenworth,66048-5022,KS,913-727-9600,913-727-9604,www.midwest-health.com/leavenworth,US
USA-KS-89-KS-AssistedLiving-output-113,The Healthcare Resort of Leawood,Nursing Facility,5401 West 143rd St,,Leawood,66224,KS,913-249-3600,,,US
USA-KS-89-KS-AssistedLiving-output-114,The Homestead of Leawood,Assisted Living,12720 Stateline Rd,,Leawood,66209-1619,KS,913-663-3351,913-663-2357,www.midwest-health.com/leawood,US
USA-KS-89-KS-AssistedLiving-output-115,The Homestead of Lenexa,Assisted Living,8740 Caenen Lake Rd,,Lenexa,66215,KS,913-894-0014,913-894-1504,www.midwest-health.com/lenexa,US
USA-KS-89-KS-AssistedLiving-output-116,Brookdale Liberal Springs,Assisted Living,1500 N Terrace Ave,,Liberal,67901,KS,620-624-8000,620-624-8035,www.brookdale.com,US
USA-KS-89-KS-AssistedLiving-output-117,Homestead Estates Home Plus,Home Plus,1140 S Pershing Ave,,Liberal,67901,KS,620-626-5672,,,US
USA-KS-89-KS-AssistedLiving-output-118,Louisburg Healthcare & Rehab Center,Nursing Facility,1200 S Broadway St, PO Box 339,Louisburg,66053-0339,KS,913-837-2916,913-837-5782,,US
USA-KS-89-KS-AssistedLiving-output-119,Vintage Park at Louisburg LLC,Assisted Living,202 S Rogers St,,Louisburg,66053,KS,913-837-5133,913-837-5169,www.gracemanagement.com,US
USA-KS-89-KS-AssistedLiving-output-120,Stoneybrook Assisted Living,Assisted Living,2029 Little Kitten Ave,,Manhattan,66503-7545,KS,785-537-1065,785-537-0835,www.midwest-health.com,US
USA-KS-89-KS-AssistedLiving-output-121,Stoneybrook Retirement Community,Assisted Living; Nursing Facility,2025 Little Kitten Ave,,Manhattan,66503-7545,KS,785-776-0065,785-776-6825,www.midwest-health.com/stoneybrook-health-rehab,US
USA-KS-89-KS-AssistedLiving-output-122,The Homestead of Manhattan,Assisted Living,1923 Little Kitten Ave,,Manhattan,66503-7545,KS,785-776-1772,785-565-9707,www.midwest-health.com/manhattan,US
USA-KS-89-KS-AssistedLiving-output-123,Cambridge Place,Nursing Facility; RHCF,1100 N 16th St,,Marysville,66508-1126,KS,785-562-5321,785-562-5398,www.bluevalleyhealthcare.com,US
USA-KS-89-KS-AssistedLiving-output-124,Country Place Senior Living of Marysville,Assisted Living,1149 Country Place Dr.,,Marysville,66508,KS,785-562-4001,785-562-4002,,US
USA-KS-89-KS-AssistedLiving-output-125,McPherson Health & Rehabilitation,Nursing Facility,1601 N Main St,,McPherson,67460-1601,KS,620-241-1276,620-241-5364,mcphersonhealthandrehab.com,US
USA-KS-89-KS-AssistedLiving-output-126,Kelly House of Meriden North,Home Plus,6313 Highway K-4,,Meriden,66512,KS,785-430-5500,,www.midwest-health.com/kelly-house-meriden,US
USA-KS-89-KS-AssistedLiving-output-127,Kelly House of Meriden South,Home Plus,3566 62nd St,,Meriden,66512,KS,785-430-5500,785-484-0100,www.midwest-health.com/kelly-house-meriden,US
USA-KS-89-KS-AssistedLiving-output-128,Trinity Nursing & Rehab Center Inc,Nursing Facility,9700 W 62nd St,,Merriam,66203-3282,KS,913-384-0800,913-384-0709,www.trinitynursingandrehab.com,US
USA-KS-89-KS-AssistedLiving-output-129,Bickford at Mission Springs I,Assisted Living; RHCF,5300 W 61st Place,,Mission,66205,KS,913-831-7700,913-831-7733,www.enrichinghappiness.com/branch/bickford-at-mission-springs,US
USA-KS-89-KS-AssistedLiving-output-130,Bickford at Mission Springs II,Assisted Living,5350 W 61st Pl,,Mission,66205,KS,913-831-7700,913-831-7733,www.enrichinghappiness.com/branch/bickford-at-mission-springs,US
USA-KS-89-KS-AssistedLiving-output-131,Moran Manor,Nursing Facility,3940 US Hwy 54,,Moran,66755,KS,620-237-4300,620-237-4446,www.americareusa.net/skilled_nursing_facility/Moran_KS/zip_66755/americare/1350,US
USA-KS-89-KS-AssistedLiving-output-132,"Neodesha Care & Rehabilitation Center, LLC",Nursing Facility,1626 N 8th St,,Neodesha,66757-1239,KS,620-325-3088,620-325-3369,,US
USA-KS-89-KS-AssistedLiving-output-133,Whispering Pines,Assisted Living,200 Whispering Pines,,Norton,67654,KS,785-874-5500,785-874-5501,www.whisperingpinesks.com,US
USA-KS-89-KS-AssistedLiving-output-134,Azria Health Olathe,Nursing Facility,201 E Flaming Rd,,Olathe,66061-5343,KS,913-829-2273,913-829-0386,Azriahealtholathe.com,US
USA-KS-89-KS-AssistedLiving-output-135,Nottingham Health and Rehabilitation,Nursing Facility,14200 W 134th Pl,,Olathe,66062-6140,KS,913-322-3111,,www.nottinghamhealthandrehab.com,US
USA-KS-89-KS-AssistedLiving-output-136,Pinnacle Ridge Nursing & Rehab Center,Nursing Facility,400 S Rogers Rd,,Olathe,66062-1706,KS,913-782-3350,913-782-1732,www.pinnacleridgerehabilitation.com,US
USA-KS-89-KS-AssistedLiving-output-137,The Healthcare Resort of Olathe,Nursing Facility,21250 West 151st Street,,Olathe,66061,KS,913-390-0444,,,US
USA-KS-89-KS-AssistedLiving-output-138,The Homestead of Olathe North,Assisted Living,791 N Somerset Terr,,Olathe,66062,KS,913-829-1403,913-829-4064,www.midwest-health.com/olathe,US
USA-KS-89-KS-AssistedLiving-output-139,The Homestead of Olathe South,Assisted Living,751 N Somerset Terr,,Olathe,66062-5450,KS,913-829-4663,913-829-6495,www.midwest-health.com/olathe,US
USA-KS-89-KS-AssistedLiving-output-140,Onaga Health & Rehabilitation,Nursing Facility,500 Western St,,Onaga,66521-9424,KS,785-889-4227,785-889-4847,onagahealthandrehab.com,US
USA-KS-89-KS-AssistedLiving-output-141,Osage Nursing & Rehabilitation Center,Nursing Facility,1017 Main St,,Osage City,66523-1256,KS,785-528-3138,785-528-4895,www.americareusa.net/skilled_nursing_facility/Osage_City_KS/zip_66523/americare/1352,US
USA-KS-89-KS-AssistedLiving-output-142,Peterson Health Care,Nursing Facility,630 Holliday St,,Osage City,66523-1138,KS,785-528-4420,785-528-3501,,US
USA-KS-89-KS-AssistedLiving-output-143,Vintage Park at Osage City LLC,Assisted Living,1403 Laing St,,Osage City,66523,KS,785-528-5095,785-528-4267,www.gracemanagement.com,US
USA-KS-89-KS-AssistedLiving-output-144,Life Care Center of Osawatomie,Nursing Facility,1615 Parker Ave,,Osawatomie,66064-1703,KS,913-755-4165,913-755-1979,lifecarecenterofosawatomie.com,US
USA-KS-89-KS-AssistedLiving-output-145,Vintage Park at Osawatomie LLC,Assisted Living,1520 Parker Ave,,Osawatomie,66064,KS,913-755-2167,913-755-4855,www.gracemanagement.com,US
USA-KS-89-KS-AssistedLiving-output-146,Hickory Pointe Care & Rehab Center,Nursing Facility,700 Cherokee St,,Oskaloosa,66066-5054,KS,785-863-2108,785-863-2735,www.hickorypointecare.com,US
USA-KS-89-KS-AssistedLiving-output-147,Oswego Health & Rehabilitation,Nursing Facility,1104 Ohio St,,Oswego,67356-9059,KS,620-795-4429,620-795-2748,oswegohealthandrehab.com,US
USA-KS-89-KS-AssistedLiving-output-148,Ottawa Retirement Plaza,Assisted Living,1042 W 15th,,Ottawa,66067-3998,KS,785-242-1127,785-242-1536,www.deaconess-healthcare.com/Ottawa_Retirement_Village,US
USA-KS-89-KS-AssistedLiving-output-149,Brookside Retirement Community,Nursing Facility,700 W 7th St,,Overbrook,66524-0327,KS,785-665-7124,785-665-7277,www.brooksideks.com,US
USA-KS-89-KS-AssistedLiving-output-150,Brookside Retirement Community Assisted Living,Assisted Living,702 W 7th St,,Overbrook,66524,KS,785-665-3246,785-665-3247,www.brooksideks.com,US
USA-KS-89-KS-AssistedLiving-output-151,Advanced Health Care of Overland Park,Nursing Facility,4700 Indian Creek Parkway,,Overland Park,66210,KS,913-890-8400,,www.ahcfacilities.com/overlandpark,US
USA-KS-89-KS-AssistedLiving-output-152,Bickford of Overland Park,RHCF,10665 Barkley,,Overland Park,66212,KS,913-642-5400,913-642-3488,www.enrichinghappiness.com/branch/bickford-of-overland-park,US
USA-KS-89-KS-AssistedLiving-output-153,Brookdale College Square,RHCF,11000 Oakmont Ave,,Overland Park,66210-1100,KS,913-491-1144,913-491-1991,www.brookdale.com,US
USA-KS-89-KS-AssistedLiving-output-154,Brookdale Overland Park,Nursing Facility,12000 Lamar,,Overland Park,66209,KS,913-663-2888,,www.brookdale.com,US
USA-KS-89-KS-AssistedLiving-output-155,Delmar Gardens of Overland Park,Nursing Facility,12100 W 109th St,,Overland Park,66210-1200,KS,913-469-4210,913-469-0136,www.delmargardens.com,US
USA-KS-89-KS-AssistedLiving-output-156,Garden Terrace at Overland Park,Nursing Facility,7541 Switzer St,,Overland Park,66214-1170,KS,913-631-2273,913-631-7154,www.gardenterraceatoverlandpark.com,US
USA-KS-89-KS-AssistedLiving-output-157,Indian Creek Healthcare Center,Nursing Facility,6515 W 103rd St,,Overland Park,66212-1728,KS,913-642-5545,913-433-7273,www.savaseniorcare.com,US
USA-KS-89-KS-AssistedLiving-output-158,Lamar Court Assisted Living Community,Assisted Living,11909 Lamar,,Overland Park,66209,KS,913-906-9696,913-906-9955,www.lamarcourtalf.com,US
USA-KS-89-KS-AssistedLiving-output-159,Morningside Place,RHCF,6921 W 81st St.,,Overland Park,66204,KS,913-901-8500,913-901-8505,,US
USA-KS-89-KS-AssistedLiving-output-160,Overland Park Nursing & Rehab Center Inc,Nursing Facility,6501 W 75th St,,Overland Park,66204-3017,KS,913-383-9866,913-383-1629,www.overlandparknursing.com,US
USA-KS-89-KS-AssistedLiving-output-161,Park Meadows Senior Living,Assisted Living,5901 West 107th St,,Overland Park,66207-3851,KS,913-901-8200,913-901-8243,www.parkmeadowsseniorliving.com,US
USA-KS-89-KS-AssistedLiving-output-162,Promise Skilled Nursing Facility of Overland Park,Nursing Facility,6505 W 103rd St,,Overland Park,66212-1728,KS,913-652-3267,913-649-2408,www.promise-overlandpark.com,US
USA-KS-89-KS-AssistedLiving-output-163,Rose Estates Assisted Living Community,Assisted Living,12700 Antioch Rd,,Overland Park,66213-2723,KS,913-825-9600,913-828-9601,www.roseestatesalf.com,US
USA-KS-89-KS-AssistedLiving-output-164,Silvercrest at Deer Creek,Assisted Living,13060 S Metcalf Ave,,Overland Park,66213-2618,KS,913-681-1101,913-685-4943,www.silvercrestdeercreek.com,US
USA-KS-89-KS-AssistedLiving-output-165,Stratford Commons Memory Care Community,Assisted Living,12340 Quivera Rd,,Overland Park,66213,KS,913-851-0215,913-851-8675,www.stratfordmemorycare.com,US
USA-KS-89-KS-AssistedLiving-output-166,Stratford Commons Rehabilitation & Health Care Center,Nursing Facility,12340 Quivira Road,,Overland Park,66213,KS,913-851-0215,913-851-8675,www.stratfordrehabbytutera.com,US
USA-KS-89-KS-AssistedLiving-output-167,The Atriums Senior Living Community,RHCF,7300 W 107 St,,Overland Park,66212,KS,913-381-6000,913-642-5319,www.atriumsretirement.com,US
USA-KS-89-KS-AssistedLiving-output-168,The Forum at Overland Park,Assisted Living; Nursing Facility,3501 W 95th St,,Overland Park,66206,KS,913-648-4980,913-648-6114,www.theforumatoverlandpark.com,US
USA-KS-89-KS-AssistedLiving-output-169,The Healthcare Resort of Shawnee Mission,Nursing Facility,7600 Antioch Rd,,Overland Park,66204,KS,913-383-2001,,,US
USA-KS-89-KS-AssistedLiving-output-170,Medicalodges Oxford,Nursing Facility,200 S Ohio St,,Oxford,67119-0458,KS,620-455-2214,620-455-2572,,US
USA-KS-89-KS-AssistedLiving-output-171,Medicalodges Paola,Nursing Facility,501 Assembly Ln,,Paola,66071-1854,KS,913-294-3345,913-294-3115,www.medicalodgespaola.com,US
USA-KS-89-KS-AssistedLiving-output-172,North Point Skilled Nursing Center,Nursing Facility,908 N Pearl St,,Paola,66071-1140,KS,913-294-4308,913-294-4479,www.americareusa.net/skilled_nursing_facility/Paola_KS/zip_66071/americare/1351,US
USA-KS-89-KS-AssistedLiving-output-173,Peabody Health & Rehabilitation,Nursing Facility; RHCF,407 N Locust,,Peabody,66866,KS,620-983-2152,620-983-2281,peabodyhealthandrehab.com,US
USA-KS-89-KS-AssistedLiving-output-174,Gran Villas Pittsburg,Assisted Living,1004 E Centennial,,Pittsburg,66762,KS,620-231-4554,620-231-1156,www.granvillaspittsburg.com,US
USA-KS-89-KS-AssistedLiving-output-175,Guest Home Estates IV,RHCF,1910 E Centennial Dr,,Pittsburg,66762,KS,620-235-0522,620-235-0533,www.guesthomeestates.com/guest-home-estates-iv,US
USA-KS-89-KS-AssistedLiving-output-176,Medicalodges Pittsburg,Nursing Facility,2520 S Rouse St,,Pittsburg,66762-6605,KS,620-231-0300,620-231-1818,www.medicalodgespittsburg.com,US
USA-KS-89-KS-AssistedLiving-output-177,"Pittsburg Care & Rehabilitation Center, LLC",Nursing Facility,1005 E Centennial Dr,,Pittsburg,66762-6603,KS,620-231-1120,620-231-2943,,US
USA-KS-89-KS-AssistedLiving-output-178,Brighton Gardens of Prairie Village,Nursing Facility; RHCF,7105 Mission Rd,,Prairie Village,66208-3302,KS,913-262-1611,913-262-0204,www.sunriseseniorliving.com,US
USA-KS-89-KS-AssistedLiving-output-179,Pratt Health & Rehabilitation,Nursing Facility,1221 Larimer St,,Pratt,67124-1241,KS,620-672-6541,620-672-5275,pratthealthandrehab.com,US
USA-KS-89-KS-AssistedLiving-output-180,Gove County Medical Center LTCU,Nursing Facility,520 W 5th St, PO Box 129,Quinter,67752-0129,KS,785-754-3341,785-754-3329,www.gcmc.ws,US
USA-KS-89-KS-AssistedLiving-output-181,Richmond Healthcare & Rehab Center,Nursing Facility,340 E South St,,Richmond,66080-4021,KS,785-835-6135,785-835-6179,,US
USA-KS-89-KS-AssistedLiving-output-182,Fountainview Nursing & Rehab Center,Assisted Living; Nursing Facility,601 N Rose Hill Rd,,Rose Hill,67133-9336,KS,316-776-2194,316-776-9370,www.fountainviewnursing.com,US
USA-KS-89-KS-AssistedLiving-output-183,Rossville Healthcare & Rehab Center,Nursing Facility,600 Perry,,Rossville,66533-0787,KS,785-584-6104,785-584-6804,,US
USA-KS-89-KS-AssistedLiving-output-184,Homestead of Russell,Assisted Living,1070 E Wichita Ave,,Russell,67665-2452,KS,785-483-5882,785-483-2797,,US
USA-KS-89-KS-AssistedLiving-output-185,Wheatland Nursing & Rehabilitation Center,Nursing Facility,320 S Lincoln St,,Russell,67665-2910,KS,785-483-5364,785-483-4981,www.americareusa.net/skilled_nursing_facility/Russell_KS/zip_67665/americare/1356,US
USA-KS-89-KS-AssistedLiving-output-186,Sabetha Manor,Nursing Facility,1441 Oregon St,,Sabetha,66534-2134,KS,785-284-3411,785-284-0013,www.americareusa.net/skilled_nursing_facility/Sabetha_KS/zip_66534/americare/1355,US
USA-KS-89-KS-AssistedLiving-output-187,Dignity Care Home,RHCF,745 Faith Dr,,Salina,67401-5269,KS,785-823-3434,785-823-3737,,US
USA-KS-89-KS-AssistedLiving-output-188,Eaglecrest Retirement Community,Assisted Living,1501 E Magnolia Rd,,Salina,67401,KS,785-309-1501,785-309-1502,www.midwest-health.com/eaglecrest,US
USA-KS-89-KS-AssistedLiving-output-189,Holiday Resort of Salina,Nursing Facility,2825 Resort Dr,,Salina,67401,KS,785-825-2201,785-820-9352,www.midwest-health.com/holiday-resort,US
USA-KS-89-KS-AssistedLiving-output-190,Kenwood View Health and Rehabilitation Center,Nursing Facility,900 Elmhurst Blvd,,Salina,67401-7402,KS,785-825-5471,785-825-2432,www.kenwoodview.com,US
USA-KS-89-KS-AssistedLiving-output-191,Legacy at Salina,Nursing Facility,623 S 3rd St,,Salina,67401,KS,785-825-6757,,,US
USA-KS-89-KS-AssistedLiving-output-192,Pinnacle Park Nursing & Rehab Center,Nursing Facility,2936 Georgia Ave,,Salina,67401-7933,KS,785-825-6954,785-827-1327,www.pinnacleparkrehab.com,US
USA-KS-89-KS-AssistedLiving-output-193,Smoky Hill Rehabilitation Center,Nursing Facility,1007 Johnstown Ave,,Salina,67401-3021,KS,785-823-7107,785-823-7631,www.hmghealthcare.com,US
USA-KS-89-KS-AssistedLiving-output-194,Pleasant Valley Manor,Nursing Facility,613 E Elm St, PO Box 40,Sedan,67361-1406,KS,620-725-3153,620-725-5536,www.americareusa.net/skilled_nursing_facility/Sedan_KS/zip_67361/americare/1353,US
USA-KS-89-KS-AssistedLiving-output-195,Diversicare of Sedgwick,Nursing Facility,712 Monroe Ave, PO Box 49,Sedgwick,67135-0049,KS,316-772-5185,316-772-0396,diversicareofsedgwick.com,US
USA-KS-89-KS-AssistedLiving-output-196,Life Care Center of Seneca,Nursing Facility,512 Community Dr,,Seneca,66538-9781,KS,785-336-3528,785-336-3621,lifecarecenterofseneca.com,US
USA-KS-89-KS-AssistedLiving-output-197,Brookdale Rosehill,Assisted Living; Nursing Facility,12802 Johnson Dr,,Shawnee,66216-1645,KS,913-962-7600,913-962-7601,,US
USA-KS-89-KS-AssistedLiving-output-198,Brookdale Shawnee,RHCF,11400 W 65th St,,Shawnee,66203-5555,KS,913-248-1500,913-248-0030,www.brookdale.com,US
USA-KS-89-KS-AssistedLiving-output-199,Sharon Lane Health Services,Nursing Facility,10315 Johnson Dr,,Shawnee,66203-3065,KS,913-631-8200,913-631-7723,www.sharonlane.com,US
USA-KS-89-KS-AssistedLiving-output-200,Shawnee Gardens Healthcare & Rehab Center,Nursing Facility,6416 Long St,,Shawnee,66216-2500,KS,913-631-2146,913-631-0163,,US
USA-KS-89-KS-AssistedLiving-output-201,Smith Center Health & Rehabilitation,Nursing Facility,117 W 1st St #369,,Smith Center,66967-2005,KS,785-282-6696,785-282-3336,smithcenterhealthandrehab.com,US
USA-KS-89-KS-AssistedLiving-output-202,"Spring Hill Care & Rehabilitation Center, LLC",Nursing Facility,251 E Wilson Ave,,Spring Hill,66083-8713,KS,913-592-3100,913-592-2235,,US
USA-KS-89-KS-AssistedLiving-output-203,Atria Hearthstone West,Assisted Living,3515 SW 6th Ave,,Topeka,66606-1900,KS,785-234-6225,785-234-4002,www.atriaseniorliving.com,US
USA-KS-89-KS-AssistedLiving-output-204,"Autumn Home Plus, Inc.",Home Plus,747 NW Walnut Ln,,Topeka,66617,KS,785-232-0730,785-232-9733,,US
USA-KS-89-KS-AssistedLiving-output-205,Brighton Place West,Nursing Facility,331 SW Oakley Ave,,Topeka,66606-1914,KS,785-232-1212,785-232-3907,savaseniorcare.com,US
USA-KS-89-KS-AssistedLiving-output-206,Brookdale Topeka,RHCF,5800 SW Drury Lane,,Topeka,66604-2262,KS,785-271-5100,785-271-5595,www.brookdale.com,US
USA-KS-89-KS-AssistedLiving-output-207,Countryside Health Center,Nursing Facility; RHCF,440 SE Woodland Ave,,Topeka,66607-2172,KS,785-234-6147,785-232-8781,www.midwest-health.com,US
USA-KS-89-KS-AssistedLiving-output-208,Legacy on 10th Avenue,Nursing Facility,2015 SE 10th Ave,,Topeka,66607-1698,KS,785-233-8918,785-233-4212,,US
USA-KS-89-KS-AssistedLiving-output-209,Lexington Park Assisted Living,Assisted Living,1021 SW Fleming Ct,,Topeka,66604-1851,KS,785-440-0399,785-440-0498,www.midwest-health.com/kelly-house-topeka,US
USA-KS-89-KS-AssistedLiving-output-210,Lexington Park Nursing & Post Acute Center,Nursing Facility,1031 SW Fleming Ct,,Topeka,66604,KS,785-440-0500,785-440-0505,www.midwest-health.com/lexington-park-health-rehab,US
USA-KS-89-KS-AssistedLiving-output-211,Manorcare Health Services of Topeka,Nursing Facility,2515 SW Wanamaker Rd,,Topeka,66614-5269,KS,785-271-6808,785-271-1189,www.heartland-manorcare.com/locations/manorcare-health-services-topeka,US
USA-KS-89-KS-AssistedLiving-output-212,McCrite Plaza Health Center,Nursing Facility,1610 SW 37th St,,Topeka,66611-2564,KS,785-267-2960,785-267-0138,www.mccriteretirement.com,US
USA-KS-89-KS-AssistedLiving-output-213,McCrite Retirement Assisted Living,Assisted Living,1608 SW 37th Street,,Topeka,66611,KS,785-267-2960,785-267-0138,www.mccriteretirement.com,US
USA-KS-89-KS-AssistedLiving-output-214,Peggy Kelly House I,RHCF,2111 SW Randolph Ave,,Topeka,66614-1547,KS,785-234-8888,785-234-0885,www.midwest-health.com/kelly-house-topeka,US
USA-KS-89-KS-AssistedLiving-output-215,Peggy Kelly House II,RHCF,1800 Fairmont Rd,,Topeka,66604-3699,KS,785-271-9594,785-271-6638,www.midwest-health.com/kelly-house-topeka,US
USA-KS-89-KS-AssistedLiving-output-216,Plaza West Regional Health Center,Nursing Facility,1570 SW Westport Dr,,Topeka,66604-4030,KS,785-271-6700,785-271-6709,www.plazawestcare.com,US
USA-KS-89-KS-AssistedLiving-output-217,Rolling Hills Assisted Living Apartments,Assisted Living,2410 SW Urish Rd,,Topeka,66614-4347,KS,785-273-2202,785-271-2496,www.midwest-health.com/rolling-hills,US
USA-KS-89-KS-AssistedLiving-output-218,Rolling Hills Health Center,Nursing Facility,2400 SW Urish Rd,,Topeka,66614-4347,KS,785-273-5001,785-273-0794,www.midwest-health.com/rolling-hills-health-rehab,US
USA-KS-89-KS-AssistedLiving-output-219,Tanglewood Nursing & Rehabilitation,Nursing Facility,5015 SW 28th St,,Topeka,66614-2319,KS,785-273-0886,785-273-0959,www.hmghealthcare.com,US
USA-KS-89-KS-AssistedLiving-output-220,The Healthcare Resort of Topeka,Nursing Facility,6300 SW 6th Ave,,Topeka,66615,KS,785-272-2124,785-272-2125,,US
USA-KS-89-KS-AssistedLiving-output-221,The Homestead of Topeka,Assisted Living,5820 SW Drury Ln,,Topeka,66604-2262,KS,785-272-2200,785-272-3862,www.midwest-health.com/topeka,US
USA-KS-89-KS-AssistedLiving-output-222,Winter Meadow Homes I,Home Plus,2832 SW Mulvane St,,Topeka,66611-1626,KS,785-234-2989,785-234-2989,,US
USA-KS-89-KS-AssistedLiving-output-223,Valley Health Care Center,Nursing Facility; RHCF,400 12th St, PO Box 189,Valley Falls,66088-0189,KS,785-945-3832,785-945-3708,www.midwest-health.com/valley,US
USA-KS-89-KS-AssistedLiving-output-224,"Wakefield Care & Rehabilitation Center, LLC",Assisted Living; Nursing Facility,509 Grove St,,Wakefield,67487-9159,KS,785-461-5417,785-461-5667,,US
USA-KS-89-KS-AssistedLiving-output-225,Wathena Healthcare & Rehabilitation Center,Nursing Facility,2112 Hwy 36,,Wathena,66090-0649,KS,785-989-3141,785-989-3365,,US
USA-KS-89-KS-AssistedLiving-output-226,Coffey County Hospital LTCU DBA Sunset Manor,Nursing Facility,128 S Pearson,,Waverly,66871,KS,785-733-2744,785-733-2514,,US
USA-KS-89-KS-AssistedLiving-output-227,"Wellington Care & Rehabilitation Center, LLC",Nursing Facility,102 W Botkin St,,Wellington,67152-2302,KS,620-326-7437,620-326-7421,,US
USA-KS-89-KS-AssistedLiving-output-228,Wellington Health & Rehabilitation,Nursing Facility,1600 W 8th St,,Wellington,67152,KS,620-326-2232,620-326-5769,wellingtonhealthandrehab.com,US
USA-KS-89-KS-AssistedLiving-output-229,Wellsville Manor,Assisted Living; Nursing Facility,304 W 7th,,Wellsville,66092-7800,KS,785-883-4101,785-883-2200,www.wellsvillerc.com,US
USA-KS-89-KS-AssistedLiving-output-230,Avita Health and Rehab at Reeds Cove,Nursing Facility,2114 North 127th Court East,,Wichita,67228,KS,316-500-8800,,reedscovehealthandrehab.com,US
USA-KS-89-KS-AssistedLiving-output-231,Avita Senior Living at Rolling Hills,Assisted Living; RHCF,629 S Maize Ct,,Wichita,67209,KS,316-361-2500,,avitarollinghills.com,US
USA-KS-89-KS-AssistedLiving-output-232,Caring Hearts for Senior Living,Home Plus,1229 S Byron Rd,,Wichita,67209,KS,316-993-8942,316-773-2492,,US
USA-KS-89-KS-AssistedLiving-output-233,Comfort Care Homes Inc #509,Home Plus,509 N Tallyrand St,,Wichita,67206-1603,KS,316-685-3322,316-685-9822,www.comfortcarehomes.com,US
USA-KS-89-KS-AssistedLiving-output-234,Family Health & Rehabilitation Center,Nursing Facility,639 S Maize Ct,,Wichita,67209-1337,KS,316-425-5600,316-425-8400,www.familyhealthrehab.com,US
USA-KS-89-KS-AssistedLiving-output-235,"Fusion Senior Care Homes, LLC",Home Plus,512 N. Bebe Street,,Wichita,67212,KS,316-462-9595,,,US
USA-KS-89-KS-AssistedLiving-output-236,Homestead of Crestview,Assisted Living,600 N 127th St E,,Wichita,67206-2830,KS,316-733-8100,316-733-8033,www.lakepointnc.com,US
USA-KS-89-KS-AssistedLiving-output-237,"LakePoint Wichita, LLC",Assisted Living; Nursing Facility; RHCF,1315 N West St,,Wichita,67203-1302,KS,316-943-1294,316-943-1399,www.omegasrliving.com,US
USA-KS-89-KS-AssistedLiving-output-238,Legacy at College Hill,Nursing Facility,5005 E 21st St N,,Wichita,67208-1604,KS,316-685-9291,316-685-2819,,US
USA-KS-89-KS-AssistedLiving-output-239,Life Care Center of Wichita,Nursing Facility,622 N Edgemoor St,,Wichita,67208-3602,KS,316-686-5100,316-686-3993,lifecarecenterofwichita.com,US
USA-KS-89-KS-AssistedLiving-output-240,Manorcare Health Services of Wichita,Nursing Facility,7101 E 21st St N,,Wichita,67206-1044,KS,316-684-8018,316-682-8909,www.heartland-manorcare.com/locations/manorcare-health-services-wichita,US
USA-KS-89-KS-AssistedLiving-output-241,Meadowlark Adult Care Home 5,Home Plus,8101 West Maple,,Wichita,67209,KS,316-773-2277,316-773-7077,www.meadowlarkcarehomes.com,US
USA-KS-89-KS-AssistedLiving-output-242,Medicalodges Wichita,Nursing Facility,2280 S Minneapolis Ave,,Wichita,67211-5398,KS,316-265-5693,316-265-3700,www.medicalodgeswichita.com,US
USA-KS-89-KS-AssistedLiving-output-243,Meridian Rehabilitation and Health Care Center,Nursing Facility,1555 N Meridian St,,Wichita,67203-1998,KS,316-942-8471,316-945-7682,www.meridiannursingrehab.com,US
USA-KS-89-KS-AssistedLiving-output-244,Peace of Mind LLC II,Home Plus,223 N Burr Oak Rd,,Wichita,67206,KS,316-295-4538,,,US
USA-KS-89-KS-AssistedLiving-output-245,Premier Living by Warden,Home Plus,234 S Anna St,,Wichita,67209-2404,KS,316-945-2028,316-945-0670,www.liveatpremier.com/contact/index.html,US
USA-KS-89-KS-AssistedLiving-output-246,Reflections Residential Care,Home Plus,1201 N Pinecrest St,,Wichita,67208-2735,KS,316-214-3359,316-775-6064,,US
USA-KS-89-KS-AssistedLiving-output-247,Residence Begonia Home Plus,Home Plus,8327 E Zimmerly,,Wichita,67207,KS,316-312-3237,316-260-9229,residencebegonia.com,US
USA-KS-89-KS-AssistedLiving-output-248,Rolling Hills Health & Rehabilitation,Nursing Facility,1319 Seville St,,Wichita,67209-3306,KS,316-722-6916,316-722-5641,rollinghillshealthandrehab.com,US
USA-KS-89-KS-AssistedLiving-output-249,Sandpiper Healthcare & Rehab Center,Nursing Facility,5808 W 8th St,,Wichita,67212-2802,KS,316-945-3606,316-260-9544,,US
USA-KS-89-KS-AssistedLiving-output-250,The Homestead of Wichita,Assisted Living,12221 W Maple St,,Wichita,67235,KS,316-729-2400,316-729-2403,www.midwest-health.com/wichita,US
USA-KS-89-KS-AssistedLiving-output-251,"Wichita Care & Rehabilitation Center, LLC",Nursing Facility,4007 E Lincoln St,,Wichita,67218-2111,KS,316-683-7588,316-683-7280,,US
USA-KS-89-KS-AssistedLiving-output-252,"Wilson Care & Rehabilitation Center, LLC",Nursing Facility,611 31st St, PO Box 160,Wilson,67490-0160,KS,785-658-2505,785-658-2504,,US
USA-KS-89-KS-AssistedLiving-output-253,Yates Center Health & Rehabilitation,Nursing Facility,801 S. Fry, PO Box 265,Yates Center,66783-0265,KS,620-625-2111,620-625-3630,yatescenterhealthandrehab.com,US
