name,contact_first_name,contact_last_name,contact_name,email,contact_email,fax,mailing_address_line_1,mailing_address_line_2,mailing_city,mailing_contact_first_name,mailing_contact_last_name,mailing_contact_name,mailing_country,mailing_county,mailing_postalcode,mailing_province,provider_name,primary_phone,secondary_phone,twitter,website,source,contact_occupation,dsgne_first_name,dsgne_last_name,admin_name,co_address_line_1,co_address_line_2,co_company,co_city,co_postalcode,co_province,ombudsman_phone,typeofcare,typeofcare2,low_high_rate,low_rate,high_rate,address_line_1,address_line_2,address_directions,city,municipality,region,province,state_id,postal_code,country,latitude,longitude,neighborhood,addr_valid
A & D LOVE AND CARE  INC,,,,,,,5931 NW 173RD DR UNIT 3,,HIALEAH,,,,,Miami-Dade,33015-5107,FL,,(305) 510-5745,,,,,,,,,,,,,,,,,Adult Day Care Center,,,,5931 NW 173RD DR,UNIT 3,,HIALEAH,Miami-Dade,,FL,,33015-5107,,25.9311445,-80.2989498,,False
A BETTER LIFE ADULT DAY CARE  INC,,,,,,,8313 W HILLSBOROUGH AVE BLDG 400,,TAMPA,,,,,Hillsborough,33615,FL,,(813) 892-4214,,,,,,,,,,,,,,,,,Adult Day Care Center,,,,8313 W HILLSBOROUGH AVE,BLDG 400,,TAMPA,Hillsborough,,FL,,33615,,27.998136,-82.57631599999999,Town N Country Alliance,False
A JOYFUL HEART SENIOR SERVICES,,,,,,,12201 PEMBROKE RD,,PEMBROKE PINES,,,,,Broward,33025,FL,,,,,,,,,,,,,,,,,,,Adult Day Care Center,,,,12201 PEMBROKE RD,,,PEMBROKE PINES,Broward,,FL,,33025,,25.99543989999999,-80.3086312,,False
A MI MANERA ADULT DAY CARE,,,,,,,7397 SW 8TH ST,,MIAMI,,,,,Miami-Dade,33144,FL,,(305) 588-0570,,,,,,,,,,,,,,,,,Adult Day Care Center,,,,7397 SW 8TH ST,,,MIAMI,Miami-Dade,,FL,,33144,,25.7629636,-80.3154156,Flagami,False
A PLACE FOR YOU ADULT DAY CARE AND REHAB CENTER CORP,,,,,,,4996 10TH AVE N HAVERHILL RD STE 5,,GREENACRES,,,,,Palm Beach,33463,FL,,(561) 965-6980,,,www.aplaceforyouadultdaycare.com,,,,,,,,,,,,,,Adult Day Care Center,,,,4996 10TH RD N HAVERHILL,STE 5,,GREENACRES,Palm Beach,,FL,,33463,,26.6302409,-80.12008569999999,,False
ABC ADULT DAY CARE LLC,,,,,,,11150 SW 211TH ST  NO 100,,CUTLER BAY,,,,,Miami-Dade,33189,FL,,(786) 478-6860,,,,,,,,,,,,,,,,,Adult Day Care Center,,,,11150 SW 211TH St,NO 100,,CUTLER BAY,Miami-Dade,,FL,,33189,,25.5706113,-80.3708489,,True
ABC-ALSY ADULT DAY CARE CENTERS LLC,,,,,,,248 NW 9TH AVE,,HOMESTEAD,,,,,Miami-Dade,33030,FL,,(305) 242-5333,,,,,,,,,,,,,,,,,Adult Day Care Center,,,,248 NW 9TH AVE,,,HOMESTEAD,Miami-Dade,,FL,,33030,,25.4725457,-80.48884749999999,,False
ABIS 'ADULT DAY CARE INC,,,,,,,10910 W FLAGLER ST STE 109-110,,MIAMI,,,,,Miami-Dade,33174,FL,,(305) 225-2550,,,,,,,,,,,,,,,,,Adult Day Care Center,,,,10910 W FLAGLER ST,STE 109-110,,MIAMI,Miami-Dade,,FL,,33174,,25.7677496,-80.37411259999999,,False
ABUELO'S DAY CARE CORP,,,,,,,15435 SW 137TH AVE,,MIAMI,,,,,Miami-Dade,33177-1279,FL,,(305) 232-6230,,,,,,,,,,,,,,,,,Adult Day Care Center,,,,15435 SW 137TH AVE,,,MIAMI,Miami-Dade,,FL,,33177-1279,,25.6239904,-80.41320549999999,,False
ABUELOS ADULT CARE  LLC,,,,,,,3383 NW 7TH ST 101,,MIAMI,,,,,Miami-Dade,33125,FL,,(786) 486-9878,,,,,,,,,,,,,,,,,Adult Day Care Center,,,,3383 NW 7TH ST,101,,MIAMI,Miami-Dade,,FL,,33125,,25.7794074,-80.250664,Little Havana,False
ABUELOS ADULT DAY CARE,,,,,,,3314 W COLUMBUS DR STE B,,TAMPA,,,,,Hillsborough,33607,FL,,(813) 748-8363,,,,,,,,,,,,,,,,,Adult Day Care Center,,,,3314 W COLUMBUS DR,STE B,,TAMPA,Hillsborough,,FL,,33607,,27.96631829999999,-82.4982065,Northwest Tampa,False
ACTIVE ADULT CARE LLC,,,,,,,909 BRYAN RD,,BRANDON,,,,,Hillsborough,33511,FL,,(813) 571-1227,,,,,,,,,,,,,,,,,Adult Day Care Center,,,,909 BRYAN RD,,,BRANDON,Hillsborough,,FL,,33511,,27.9239693,-82.2771984,,False
ACTIVE ADULT DAY CARE CENTER  LLC,,,,,,,1470 NW 36TH STREET,,MIAMI,,,,,Miami-Dade,33142,FL,,(305) 635-9933,,,,,,,,,,,,,,,,,Adult Day Care Center,,,,1470 NW 36TH St,,,MIAMI,Miami-Dade,,FL,,33142,,25.8093753,-80.2212061,Allapattah,True
ACTS ADULT CARE CENTER LLC,,,,,,,8765 SW 165TH AVE  STE 103-104,,MIAMI,,,,,Miami-Dade,33193,FL,,(786) 409-2317,,,,,,,,,,,,,,,,,Adult Day Care Center,,,,8765 SW 165TH AVE,STE 103-104,,MIAMI,Miami-Dade,,FL,,33193,,25.6852237,-80.4597184,,False
ADD TO LIFE ADULT DAY CARE CENTER INC,,,,,,,5877 OLD TIMUQUANA RD,,JACKSONVILLE,,,,,Duval,32210,FL,,(904) 779-1777,,,addtolifeadultdaycare.net,,,,,,,,,,,,,,Adult Day Care Center,,,,5877 OLD TIMUQUANA RD,,,JACKSONVILLE,Duval,,FL,,32210,,30.247628,-81.73598700000001,Westside,False
ADOLPH & ROSE LEVIS ALZHEIMER AND ADULT DAY CARE CENTER,,,,,,,1515 WEST PALMETTO PARK RD,,BOCA RATON,,,,,Palm Beach,33486,FL,,(561) 477-4907,,,www.volencenter.com,,,,,,,,,,,,,,Adult Day Care Center,,,,21050 95TH Ave S,,,BOCA RATON,Palm Beach,,FL,,33428,,26.3608804,-80.1924128,,True
ADULT ACTIVITY CENTER OF THE TREASURE COAST  INC,,,,,,,579 NW LAKE WHITNEY PL STE 104,,PORT SAINT LUCIE,,,,,St. Lucie,34986,FL,,(772) 237-4500,,,,,,,,,,,,,,,,,Adult Day Care Center,,,,579 NW LAKE WHITNEY PL,STE 104,,PORT SAINT LUCIE,St. Lucie,,FL,,34986,,27.316693,-80.4031105,Saint Lucie West,False
ADULT DAY CARE CENTER OF ALTAMONTE SPRINGS INC,,,,,,,1329 E ALTAMONTE DR,,ALTAMONTE SPRINGS,,,,,Seminole,32701,FL,,(407) 636-6321,,,Adcas.biz,,,,,,,,,,,,,,Adult Day Care Center,,,,1329 E ALTAMONTE DR,,,ALTAMONTE SPRINGS,Seminole,,FL,,32701,,28.6634414,-81.34783209999999,,False
ADULT DAY CARE CENTERS CORP,,,,,,,19110 SW 177TH AVE UNIT C,,MIAMI,,,,,Miami-Dade,33187-2004,FL,,(305) 233-2222,,,,,,,,,,,,,,,,,Adult Day Care Center,,,,19110 SW 177TH AVE,UNIT C,,MIAMI,Miami-Dade,,FL,,33187-2004,,25.5884271,-80.47845439999999,,False
ADULT DAY CARE WELLNESS & OUTREACH CENTER INC,,,,,,,815 N HOMESTEAD BLVD #258,,HOMESTEAD,,,,,Miami-Dade,33030,FL,,(305) 224-8086,,,,,,,,,,,,,,,,,Adult Day Care Center,,,,17 NE 1ST RD,UNIT B,,HOMESTEAD,Miami-Dade,,FL,,33030,,25.469621,-80.474633,,False
ADULT DAY CENTER OF SOUTH FLORIDA INC,,,,,,,8221 SW 192ND ST,,CUTLER BAY,,,,,Miami-Dade,33157,FL,,(786) 732-4055,,,,,,,,,,,,,,,,,Adult Day Care Center,,,,9855 SW 184TH ST,,,PALMETTO BAY,Miami-Dade,,FL,,33157,,25.598989,-80.3513361,,False
ADULT DAY OF AVENTURA CORP,,,,,,,3575 NE 207TH ST STE B-6-A,,AVENTURA,,,,,Miami-Dade,33180,FL,,(646) 568-0701,,,,,,,,,,,,,,,,,Adult Day Care Center,,,,3575 NE 207TH ST,STE B-6-A,,AVENTURA,Miami-Dade,,FL,,33180,,25.96878,-80.130371,,False
ADULT HOPE DAY CARE INC,,,,,,,12039 SW 132ND CT UNIT 12 & 13,,MIAMI,,,,,Miami-Dade,33186,FL,,(786) 266-0173,,,,,,,,,,,,,,,,,Adult Day Care Center,,,,12039 SW 132ND CT,UNIT 12 & 13,,MIAMI,Miami-Dade,,FL,,33186,,25.7538009,-80.410878,,False
ADVANCE CARE COMMUNITY CENTER,,,,,,,114 DEL PRADO BLVD S # 200,,CAPE CORAL,,,,,Lee,33990-1724,FL,,(239) 400-4196,,,http://www.advancecarehha.com,,,,,,,,,,,,,,Adult Day Care Center,,,,1490 NE PINE ISLAND RD,BLDG 4 E & F,,CAPE CORAL,Lee,,FL,,33909,,26.654171,-81.965715,Hancock,False
AL'Z PLACE,,,,,,,1610 NW 23 AVENUE,,GAINESVILLE,,,,,Alachua,32605,FL,,(352) 375-3000,,,,,,,,,,,,,,,,,Adult Day Care Center,,,,1610 NW 23 Ave,,,GAINESVILLE,Alachua,,FL,,32605,,29.6743901,-82.34244369999999,,True
ALBYEL'S ADULT DAY CARE,,,,,,,8040 NW 95 ST STE 335,,HIALEAH GARDENS,,,,,Miami-Dade,33016,FL,,(786) 302-4345,,,,,,,,,,,,,,,,,Adult Day Care Center,,,,8040 NW 95 ST,STE 335,,HIALEAH GARDENS,Miami-Dade,,FL,,33016,,25.8592436,-80.3277428,,False
ALEGRIA ADULT DAYCARE INC,,,,,,,345-355 WEST 78 ROAD,,HIALEAH,,,,,Miami-Dade,33014,FL,,(305) 364-1115,,,,,,,,,,,,,,,,,Adult Day Care Center,,,,345-355 WEST 78 Rd,,,HIALEAH,Miami-Dade,,FL,,33014,,25.8942695,-80.2907178,,True
ALL ONE FAMILY SENIOR DAY PROGRAM  INC,,,,,,,585 N COURTENAY PKWY,STE 101,MERRITT IS,,,,,Brevard,32953-4853,FL,,(321) 453-6577,,,all1family4seniors,,,,,,,,,,,,,,Adult Day Care Center,,,,585 N COURTENAY PKWY,,,MERRITT IS,Brevard,,FL,,32953-4853,,28.366133,-80.7015586,,False
ALL SAINTS EARLY LEARNING & COMMUNITY CARE CENTER INC,,,,,,,4171 HENDRICKS AVENUE,,JACKSONVILLE,,,,,Duval,32207,FL,,(904) 737-7800,,,,,,,,,,,,,,,,,Adult Day Care Center,,,,4171 HENDRICKS Ave,,,JACKSONVILLE,Duval,,FL,,32207,,30.2779703,-81.64934509999999,Southside,True
ALL SMILES ADULT DAY CARE CENTER LLC,,,,,,,417 S TAMIAMI TRL,,VENICE,,,,,Sarasota,34285,FL,,(941) 882-3059,,,,,,,,,,,,,,,,,Adult Day Care Center,,,,417 S TAMIAMI TRL,,,VENICE,Sarasota,,FL,,34285,,27.093255,-82.443866,,False
ALMOST HOME DAYBREAK,,,,,,,3604 CARDINAL POINT DRIVE,,JACKSONVILLE,,,,,Duval,32257,FL,,(904) 731-4002,,,almosthomeseniorservices.com,,,,,,,,,,,,,,Adult Day Care Center,,,,3604 CARDINAL POINT Dr,,,JACKSONVILLE,Duval,,FL,,32257,,30.2068049,-81.6185261,Southside,True
ALWAYS AT YOUR SIDE ADULT DAY CARE INC,,,,,,,13965-67 NW 67TH AVE,,MIAMI LAKES,,,,,Miami-Dade,33014,FL,,(305) 467-7353,,,,,,,,,,,,,,,,,Adult Day Care Center,,,,13965-67 NW 67TH AVE,,,MIAMI LAKES,Miami-Dade,,FL,,33014,,25.9008528,-80.30772499999999,,False
ALZHEIMER'S COMMUNITY CARE INC,,,,,,,800 NORTHPOINT PKWY,NO 101B,WEST PALM BEACH,,,,,,33407,FL,,(561) 585-7781,,,www.alzcare.org,,,,,,,,,,,,,,Adult Day Care Center,,,,1615 LAKE Ave,,,LAKE WORTH,Palm Beach,,FL,,33460,,26.6152947,-80.0645594,,True
ALZHEIMER'S COMMUNITY CARE INC,,,,,,,800 NORTHPOINT PARKWAY,SUITE 101-B,WEST PALM BEACH,,,,,Palm Beach,34407,FL,,(561) 683-2700,,,,,,,,,,,,,,,,,Adult Day Care Center,,,,2200 NORTH FEDERAL Hwy,,,STUART,Martin,,FL,,34994,,27.2323751,-80.2686351,,True
ALZHEIMER'S COMMUNITY CARE INC,,,,,,,800 NORTHPOINT PARKWAY,SUITE 101-B,WEST PALM BEACH,,,,,Palm Beach,33407,FL,,(561) 683-2700,,,www.alzcare.org,,,,,,,,,,,,,,Adult Day Care Center,,,,4075 HOLLY DR,,,PALM BCH GDNS,Palm Beach,,FL,,33410-5501,,26.8238979,-80.0990377,,False
ALZHEIMER'S COMMUNITY CARE INC,,,,,,,2900 SOUTH JENKINS RD,,FORT PIERCE,,,,,St. Lucie,34981,FL,,(561) 683-2700,,,alcare.org,,,,,,,,,,,,,,Adult Day Care Center,,,,2900 SOUTH JENKINS RD,,,FORT PIERCE,St. Lucie,,FL,,34981,,27.4114344,-80.3820222,,False
ALZHEIMER'S COMMUNITY CARE INC,,,,,,,800 NORTHPOINT PKWY #101-B,,WEST PALM BEACH,,,,,Palm Beach,33407,FL,,(561) 683-2700,,,www.alzcare.org,,,,,,,,,,,,,,Adult Day Care Center,,,,2703 NORTH SEACREST BLVD,,,DELRAY BEACH,Palm Beach,,FL,,33444,,26.5552304,-80.067172,,False
ALZHEIMER'S COMMUNITY CARE INC,,,,,,,800 NORTHPOINT PKWY STE 101 B,,WEST PALM BEACH,,,,,Palm Beach,33407,FL,,(561) 683-2700,,,www.alzcare.org,,,,,,,,,,,,,,Adult Day Care Center,,,,1925 BIRKDALE DR,,,WELLINGTON,Palm Beach,,FL,,33414,,26.652505,-80.222959,,False
ALZHEIMER'S COMMUNITY CARE  INC,,,,,,,800 NORTHPOINT PKWY  SUITE 101-A,,WEST PALM BEACH,,,,,Palm Beach,33407,FL,,(561) 683-2700,,,www.alzcare.org,,,,,,,,,,,,,,Adult Day Care Center,,,,800 NORTHPOINT PKWY,SUITE 101-A,,WEST PALM BEACH,Palm Beach,,FL,,33407,,26.7627215,-80.0956011,,False
ALZHEIMER'S COMMUNITY CARE  INC,,,,,,,800 NORTHPOINT PKWY STE 101B,,WEST PALM BCH,,,,,Palm Beach,33407-1978,FL,,(561) 383-2700,,,www.alzcare.org,,,,,,,,,,,,,,Adult Day Care Center,,,,470 EAST FIRST St,,,PAHOKEE,Palm Beach,,FL,,33476,,26.8236637,-80.6614737,,True
ALZHEIMERS COMMUNITY CARE INC,,,,,,,800 NORTHPOINT PKWY  101-B,,WEST PALM BEACH,,,,,Palm Beach,33407,FL,,(561) 683-2700,,,,,,,,,,,,,,,,,Adult Day Care Center,,,,295 NW PRIMA VISTA BLVD,,,PORT SAINT LUCIE,St. Lucie,,FL,,34983,,27.31834049999999,-80.3542962,,False
ALZHEIMERS COMMUNITY CARE  INC,,,,,,,800 NORTHPOINT PKWY  101-B,,WEST PALM BEACH,,,,,Palm Beach,33407,FL,,(561) 683-2700,,,www.alzcare.org,,,,,,,,,,,,,,Adult Day Care Center,,,,4680 N DIXIE HWY,,,BOCA RATON,Palm Beach,,FL,,33431,,26.39125370000001,-80.0804958,,False
ALZHEIMERS COMMUNITY CARE  INC,,,,,,,800 NORTHPOINT PWY  101-B,,WEST PALM BEACH,,,,,Palm Beach,33407,FL,,(561) 683-2700,,,www.alzcare.org,,,,,,,,,,,,,,Adult Day Care Center,,,,3680 LAKE WORTH RD,,,LAKE WORTH,Palm Beach,,FL,,33461,,26.6172553,-80.10038449999999,,False
AMANECER ADULT DAY CARE CENTER  INC,,,,,,,14550 SW 8TH ST,,MIAMI,,,,,Miami-Dade,33184,FL,,(786) 362-5770,,,www.amaneceradultdaycare.com,,,,,,,,,,,,,,Adult Day Care Center,,,,14550 SW 8TH ST,,,MIAMI,Miami-Dade,,FL,,33184,,25.7606052,-80.4487161,,False
AMAZING AGE- ADULT DAY STAY,,,,,,,7306 A W ATLANTIC BLVD,,MARGATE,,,,,Broward,33063,FL,,(954) 970-9185,,,www.amazing-age.com,,,,,,,,,,,,,,Adult Day Care Center,,,,7306 A W ATLANTIC BLVD,,,MARGATE,Broward,,FL,,33063,,26.23407479999999,-80.2239992,,False
AMERICAN PROVIDERS ADULT DAY CARE CENTER  LLC,,,,,,,2000 NW 89TH PLACE,,DORAL,,,,,Miami-Dade,33172,FL,,(305) 591-9975,,,,,,,,,,,,,,,,,Adult Day Care Center,,,,2000 NW 89TH Pl,,,DORAL,Miami-Dade,,FL,,33172,,25.7922675,-80.34322519999999,,True
ANGEL'S UNIQUE LLC,,,,,,,13520 17TH AVENUE,,DADE CITY,,,,,Pasco,33525,FL,,(352) 523-1111,,,antiqueangels.com,,,,,,,,,,,,,,Adult Day Care Center,,,,13520 17TH Ave,,,DADE CITY,Pasco,,FL,,33525,,28.3544628,-82.1996564,,True
ANGELS ADULT DAY CARE INC,,,,,,,2350 W 84TH STREET,SUITE 19,HIALEAH,,,,,Miami-Dade,33016,FL,,(786) 343-7772,,,,,,,,,,,,,,,,,Adult Day Care Center,,,,2350 W 84TH St,,,HIALEAH,Miami-Dade,,FL,,33016,,25.8969888,-80.33119429999999,,True
AÑOS DORADO ADULT DAY CARE,,,,,,,9815 SW 40TH ST,,MIAMI,,,,,Miami-Dade,33165-3911,FL,,(786) 797-5603,,,,,,,,,,,,,,,,,Adult Day Care Center,,,,9815 SW 40TH ST,,,MIAMI,Miami-Dade,,FL,,33165-3911,,25.73272,-80.35442979999999,,False
ANOS DORADOS ADULT DAY CARE ACTIVITY AND RECREATION CENTER INC,,,,,,,7751 W 28TH AVE  UNIT 11,,HIALEAH,,,,,Miami-Dade,33016,FL,,(305) 608-5167,,,,,,,,,,,,,,,,,Adult Day Care Center,,,,7751 W 28TH AVE,UNIT 11,,HIALEAH,Miami-Dade,,FL,,33016,,25.8928107,-80.3395267,,False
ANY SWEET HOME ADULT DAY CARE CORP,,,,,,,14285 SW 42ND ST STE 202,,MIAMI,,,,,Miami-Dade,33175,FL,,(786) 314-2760,,,,,,,,,,,,,,,,,Adult Day Care Center,,,,14285 SW 42ND ST,STE 202,,MIAMI,Miami-Dade,,FL,,33175,,25.730186,-80.42509009999999,,False
AZUCAR ADULT DAY CARE  LLC,,,,,,,8655-C SW 24TH ST,,MIAMI,,,,,Miami-Dade,33155,FL,,(305) 815-8367,,,www.azucarcare.net,,,,,,,,,,,,,,Adult Day Care Center,,,,8655-C SW 24TH ST,,,MIAMI,Miami-Dade,,FL,,33155,,25.7486245,-80.3350837,,False
BANYAN HEALTH SYSTEMS INC,,,,,,,6100 BLUE LAGOON DRIVE,SUITE 400,MIAMI,,,,,Miami-Dade,33126,FL,,(305) 406-9585,,,,,,,,,,,,,,,,,Adult Day Care Center,,,,1905 NW 82ND Ave,,,DORAL,Miami-Dade,,FL,,33122,,25.7915266,-80.32840139999999,,True
BAY BREEZE SENIOR LIVING AND REHABILITATION CENTER,,,,,,,3387 GULF BREEZE PKWY,,GULF BREEZE,,,,,Santa Rosa,32563-3351,FL,,(850) 932-9257,,,,,,,,,,,,,,,,,Adult Day Care Center,,,,3387 GULF BREEZE PKWY,,,GULF BREEZE,Santa Rosa,,FL,,32563-3351,,30.3859234,-87.08246419999999,,False
BEACH CLUB ADULT CENTER LLC,,,,,,,2500 E HALLANDALE BEACH BLVD STE T,,HALLANDALE BEACH,,,,,Broward,33009,FL,,(754) 210-6943,,,,,,,,,,,,,,,,,Adult Day Care Center,,,,2500 E HALLANDALE BEACH BLVD,STE T,,HALLANDALE BEACH,Broward,,FL,,33009,,25.9856157,-80.1252784,,False
BLESSED TRINITY ELDER CARE CENTER,,,,,,,5 SE 17TH STREET  BLDG L,,OCALA,,,,,Marion,34471,FL,,(352) 671-2823,,,blessedtrinity.org/elder-care,,,,,,,,,,,,,,Adult Day Care Center,,,,44 SW 15TH Pl,,,OCALA,Marion,,FL,,34471,,29.1732147,-82.136967,,True
BLOOMINGDALE ADULT DAY CARE CENTER,,,,,,,PO BOX 1110,601 E KENNEDY BLVD 16TH FLOOR,TAMPA,,,,,Hillsborough,33602,FL,,(813) 276-8358,,,,,,,,,,,,,,,,,Adult Day Care Center,,,,3940 CANOGA PARK Dr,,,BRANDON,Hillsborough,,FL,,33511,,27.882208,-82.2733891,,True
BLUE STAR ADULT DAY CARE CENTER INC,,,,,,,1380 N KROME AVE STE 103 & 104,,FLORIDA CITY,,,,,Miami-Dade,33034,FL,,(786) 554-3613,,,,,,,,,,,,,,,,,Adult Day Care Center,,,,1380 N KROME AVE,STE 103 & 104,,FLORIDA CITY,Miami-Dade,,FL,,33034,,25.4835058,-80.4778722,,False
BRANDON SENIOR CENTER,,,,,,,601 E KENNEDY BLVD,FL 16,TAMPA,,,,,Hillsborough,33602-4932,FL,,(813) 635-8066,,,www.hillsboroughcounty.org/aging,,,,,,,,,,,,,,Adult Day Care Center,,,,612 NORTH PARSONS Ave,,,BRANDON,Hillsborough,,FL,,33510,,27.9485865,-82.28665289999999,Limona Improvement,True
BREVARD ALZHEIMER'S FOUNDATION INC,,,,,,,4676 NORTH WICKHAM ROAD,,MELBOURNE,,,,,Brevard,32935,FL,,(321) 253-4430,,,www.brevardalz.org,,,,,,,,,,,,,,Adult Day Care Center,,,,4676 NORTH WICKHAM Rd,,,MELBOURNE,Brevard,,FL,,32935,,28.1850944,-80.672749,,True
BREVARD ALZHEIMER'S FOUNDATION INC,,,,,,,4676 NORTH WICKHAM ROAD,,MELBOURNE,,,,,Brevard,32935,FL,,(772) 664-9996,,,www.brevardalz.org,,,,,,,,,,,,,,Adult Day Care Center,,,,7951 RON BEATTY BLVD,,,MICCO,Brevard,,FL,,32976,,27.881553,-80.505533,,False
BREVARD ALZHEIMER'S FOUNDATION INC,,,,,,,830 SOUTH PARK AVENUE,,TITUSVILLE,,,,,Brevard,32780,FL,,(321) 268-9144,,,www.brevardalz.org,,,,,,,,,,,,,,Adult Day Care Center,,,,830 SOUTH PARK Ave,,,TITUSVILLE,Brevard,,FL,,32780,,28.6073332,-80.8186001,,True
BROWARD ADULT DAY CARE CENTER CORP,,,,,,,4788 NW 1ST ST,,PLANTATION,,,,,Broward,33317-3136,FL,,(305) 798-4535,,,,,,,,,,,,,,,,,Adult Day Care Center,,,,2615 DAVIE BLVD,,,FT LAUDERDALE,Broward,,FL,,33312-3029,,26.1069241,-80.17637049999999,South Fort Lauderdale,False
CADC CORP.,,,,,,,7944 SW 8TH STREET,,MIAMI,,,,,Miami-Dade,33144,FL,,(305) 269-6845,,,,,,,,,,,,,,,,,Adult Day Care Center,,,,7944 SW 8TH St,,,MIAMI,Miami-Dade,,FL,,33144,,25.7617025,-80.3252134,,True
CAMPO DE ESTRELLAS ADULT DAY CARE  INC.,,,,,,,10208 NW 80TH AVENUE,,HIALEAH GARDENS,,,,,Miami-Dade,33016,FL,,(786) 222-8123,,,,,,,,,,,,,,,,,Adult Day Care Center,,,,10208 NW 80TH Ave,,,HIALEAH GARDENS,Miami-Dade,,FL,,33016,,25.8670351,-80.327131,,True
CARE ANGELS ADULT CENTER INC,,,,,,,2500 SW 107TH AVE STE 27,,MIAMI,,,,,Miami-Dade,33165,FL,,(305) 553-4545,,,,,,,,,,,,,,,,,Adult Day Care Center,,,,2500 SW 107TH AVE,STE 27,,MIAMI,Miami-Dade,,FL,,33165,,25.7458285,-80.3683915,,False
CARES,,,,,,,13906 FIFTH STREET,,DADE CITY,,,,,Pasco,33525,FL,,(727) 862-9291,,,www.caresfl.org,,,,,,,,,,,,,,Adult Day Care Center,,,,13906 FIFTH St,,,DADE CITY,Pasco,,FL,,33525,,28.3601488,-82.18721939999999,Crescent Park,True
CARES,,,,,,,6640 VAN BUREN STREET,,PORT RICHEY,,,,,Pasco,34653,FL,,(727) 862-9291,,,www.caresfl.org,,,,,,,,,,,,,,Adult Day Care Center,,,,6640 VAN BUREN ST,,,NEW PORT RICHEY,Pasco,,FL,,34652,,28.2546911,-82.7113924,Golden Heights,False
CARITAS ALEGRES ADULT DAY CARE INC,,,,,,,2401-2407 NW 7TH ST,,MIAMI,,,,,Miami-Dade,33125,FL,,(786) 523-5382,,,,,,,,,,,,,,,,,Adult Day Care Center,,,,2401-2407 NW 7TH ST,,,MIAMI,Miami-Dade,,FL,,33125,,25.7798189,-80.2356969,Little Havana,False
CASA DEL SOL ADULT DAY CARE LLC,,,,,,,14740 SW 26TH ST  STE 102 & 103,,MIAMI,,,,,Miami-Dade,33185,FL,,(305) 310-6552,,,,,,,,,,,,,,,,,Adult Day Care Center,,,,14740 SW 26TH ST,STE 102& 103,,MIAMI,Miami-Dade,,FL,,33185,,25.7421512,-80.4338807,,False
CATHOLIC CHARITIES OF THE ARCHDIOCESE OF MIAMI INC,,,,,,,1503 NE 26TH STREET,,WILTON MANORS,,,,,Broward,33305,FL,,(954) 630-9501,,,www.ccadm.org,,,,,,,,,,,,,,Adult Day Care Center,,,,1503 NE 26TH St,,,WILTON MANORS,Broward,,FL,,33305,,26.1602333,-80.1264494,,True
CATHOLIC CHARITIES OF THE ARCHDIOCESE OF MIAMI  INC.,,,,,,,6915 STIRLING ROAD,,DAVIE,,,,,Broward,33314,FL,,(954) 583-6446,,,ccadm.org,,,,,,,,,,,,,,Adult Day Care Center,,,,6915 STIRLING Rd,,,DAVIE,Broward,,FL,,33314,,26.0459223,-80.23691699999999,,True
CELEBRATION ADULT DAY CARE INC,,,,,,,10739 W FLAGLER ST,,MIAMI,,,,,Miami-Dade,33174,FL,,(305) 631-2616,,,,,,,,,,,,,,,,,Adult Day Care Center,,,,10739 W FLAGLER ST,,,MIAMI,Miami-Dade,,FL,,33174,,25.7685367,-80.3706272,,False
CENTRO AXIS,,,,,,,P.O. BOX 940156,,MIAMI,,,,,Miami-Dade,33194,FL,,(305) 668-0634,,,www.centroaxis.com,,,,,,,,,,,,,,Adult Day Care Center,,,,6840 SW 40TH St,,,MIAMI,Miami-Dade,,FL,,33155,,25.7326464,-80.3047619,,True
CHANGE OF PACE  INC.,,,,,,,4514 HAMMOCK ROAD,,SEBRING,,,,,Highlands,33872,FL,,(863) 382-1188,,,www.highlandsadultdaycare.com,,,,,,,,,,,,,,Adult Day Care Center,,,,4514 HAMMOCK Rd,,,SEBRING,Highlands,,FL,,33872,,27.4714175,-81.51043899999999,,True
CHELSEA PLACE ADULT DAY CARE LLC,,,,,,,3626 TAMIAMI TRL,,PORT CHARLOTTE,,,,,Charlotte,33980,FL,,(941) 676-3411,,,,,,,,,,,,,,,,,Adult Day Care Center,,,,3626 TAMIAMI TRL,,,PORT CHARLOTTE,Charlotte,,FL,,33980,,26.9774909,-82.0910942,,False
CHOICES IN LIVING  LLC,,,,,,,3812 SKYLINE BLVD,SUITES C AND D,CAPE CORAL,,,,,Lee,33914,FL,,(239) 540-6813,,,www.ciladultdaycare.com,,,,,,,,,,,,,,Adult Day Care Center,,,,3812 SKYLINE BLVD,,,CAPE CORAL,Lee,,FL,,33914,,26.5809325,-81.9912749,Pelican,False
CITY OF MIRAMAR ADULT DAY CARE CENTER,,,,,,,2300 CIVIC CENTER PL,,MIRAMAR,,,,,Broward,33025,FL,,(954) 883-5220,,,,,,,,,,,,,,,,,Adult Day Care Center,,,,8915 MIRAMAR PKWY,,,MIRAMAR,Broward,,FL,,33025,,25.981505,-80.2654529,,False
CLAY COUNTY COUNCIL ON AGING  INC.,,,,,,,604 WALNUT STREET,,GREEN COVE SPRINGS,,,,,Clay,32043,FL,,(904) 284-3134,,,www.clayccoa.org,,,,,,,,,,,,,,Adult Day Care Center,,,,604 WALNUT St,,,GREEN COVE SPRINGS,Clay,,FL,,32043,,29.9931562,-81.6816661,,True
COCONUT GROVE ADULT DAY CARE CENTER  INC,,,,,,,2440 SW 27TH A VE,,MIAMI,,,,,Miami-Dade,33145,FL,,(786) 308-7260,,,,,,,,,,,,,,,,,Adult Day Care Center,,,,2440 SW 27TH AVE,,,MIAMI,Miami-Dade,,FL,,33145,,25.7457361,-80.2383882,Coral Way,False
COPACABANA ADULT DAY CARE CENTER  CORP,,,,,,,3800 WEST 12 AVENUE  SUITE 2,,HIALEAH,,,,,Miami-Dade,33012,FL,,(786) 433-0910,,,,,,,,,,,,,,,,,Adult Day Care Center,,,,3800 WEST 12 Ave,SUITE 2,,HIALEAH,Miami-Dade,,FL,,33012,,25.856512,-80.3076748,,True
CORAL WEST ADULT DAY CARE INC,,,,,,,2370 SW 67 AVENUE  BLDG B,,MIAMI,,,,,Miami-Dade,33155,FL,,(305) 722-4532,,,www.miamiadultdaycare.com,,,,,,,,,,,,,,Adult Day Care Center,,,,2370 SW 67 AVENUE BLDG B,,,MIAMI,Miami-Dade,,FL,,33155,,25.7483905,-80.30378189999999,,False
COUNCIL ON AGING OF ST. LUCIE  INC.,,,,,,,2501 SW BAYSHORE BLVD.,,PORT SAINT LUCIE,,,,,St. Lucie,34984,FL,,(772) 336-8608,,,,,,,,,,,,,,,,,Adult Day Care Center,,,,2501 SW BAYSHORE BLVD,,,PORT SAINT LUCIE,St. Lucie,,FL,,34984,,27.2662308,-80.35072579999999,,False
COUNCIL ON AGING OF WEST FLORIDA  INC,,,,,,,PO BOX 17066,,PENSACOLA,,,,,Escambia,32522,FL,,(850) 432-1475,,,www.coawfla.org,,,,,,,,,,,,,,Adult Day Care Center,,,,875 ROYCE ST,,,PENSACOLA,Escambia,,FL,,32503,,30.46814629999999,-87.2147579,Southeast Pensacola,False
COUNTRY COTTAGE ON MAIN STREET ADULT DAY CARE CENTER LLC,,,,,,,201 S MAIN ST,,BROOKSVILLE,,,,,Hernando,34601,FL,,(727) 459-1189,,,,,,,,,,,,,,,,,Adult Day Care Center,,,,201 S MAIN ST,,,BROOKSVILLE,Hernando,,FL,,34601,,28.5527868,-82.3876508,,False
CRESCENT ADULT DAY CARE INC,,,,,,,1550 W 84TH ST #65,,HIALEAH,,,,,Miami-Dade,33014,FL,,(305) 817-1643,,,,,,,,,,,,,,,,,Adult Day Care Center,,,,1550 W 84TH ST,# 65,,HIALEAH,Miami-Dade,,FL,,33014,,25.8968727,-80.3151256,,False
CRM OF FLORIDA INC,,,,,,,182-B BARTON BLVD,,ROCKLEDGE,,,,,Brevard,32955,FL,,(321) 877-1211,,,,,,,,,,,,,,,,,Adult Day Care Center,,,,182 BARTON BLVD -B,,,ROCKLEDGE,Brevard,,FL,,32955,,28.3311654,-80.7257923,,False
CRYSTAL PARADISE ADULT DAY CARE INC,,,,,,,6355 SW 8TH ST W TOWER 2W 3W 4W 5W,,MIAMI,,,,,Miami-Dade,33144,FL,,(305) 261-0030,,,,,,,,,,,,,,,,,Adult Day Care Center,,,,6355 SW 8TH ST,W TOWER 2W 3W 4W 5W,,MIAMI,Miami-Dade,,FL,,33144,,25.7654353,-80.2196728,East Little Havana,False
DAVID I. SIEGEL ADULT DAY CARE CENTER,,,,,,,1000 BELLE TERRE BLVD.,,PALM COAST,,,,,Flagler,32164,FL,,(386) 437-7300,,,www.flaglercounty.ort,,,,,,,,,,,,,,Adult Day Care Center,,,,1000 BELLE TERRE BLVD,,,PALM COAST,Flagler,,FL,,32164,,29.470487,-81.22184,,False
DAYCATIONS ADULT DAY CARE,,,,,,,2250 STATE ROAD 580,STE 10,CLEARWATER,,,,,Pinellas,33763-1135,FL,,(727) 648-2401,,,Daycationsadultdaycare.com,,,,,,,,,,,,,,Adult Day Care Center,,,,2250 STATE Rd,580,,CLEARWATER,Pinellas,,FL,,33763-1135,,28.0199599,-82.7444646,,True
DAYSCAPE ADULT CARE CENTER  INC.,,,,,,,4800 WEST HILLSBORO BLVD,SUITE 12,COCONUT CREEK,,,,,Broward,33073,FL,,(954) 531-1771,,,www.dayscape.net,,,,,,,,,,,,,,Adult Day Care Center,,,,4800 WEST HILLSBORO BLVD,,,COCONUT CREEK,Broward,,FL,,33073,,26.3165422,-80.1890935,,False
DBS BABY BOOMERS ADULT DAY  HEALTH & ENRICHMENT CENTER,,,,,,,14734 SW 56ST,,MIAMI,,,,,Miami-Dade,33185,FL,,(786) 360-1258,,,,,,,,,,,,,,,,,Adult Day Care Center,,,,14734 SW 56ST,,,MIAMI,Miami-Dade,,FL,,33185,,25.7135188,-80.4318408,,False
DEL CASTILLO ADULT DAY CARE INC,,,,,,,3536 W FLAGER ST,,MIAMI,,,,,Miami-Dade,33135,FL,,(786) 531-0848,,,,,,,,,,,,,,,,,Adult Day Care Center,,,,3536 W FLAGER ST,,,MIAMI,Miami-Dade,,FL,,33135,,25.7717235,-80.2531522,Little Havana,False
DIAMAR ADULT DAYCARE CENTER CORP,,,,,,,10989 SW 186TH ST,,MIAMI,,,,,Miami-Dade,33157,FL,,(305) 256-9944,,,,,,,,,,,,,,,,,Adult Day Care Center,,,,10989 SW 186TH ST,,,MIAMI,Miami-Dade,,FL,,33157,,25.5957692,-80.36957760000001,,False
DOUBLE NINE SENIORS CLUB II INC,,,,,,,4670 W 4TH AVE,,HIALEAH,,,,,Miami-Dade,33012,FL,,(305) 825-4459,,,,,,,,,,,,,,,,,Adult Day Care Center,,,,4670 W 4TH AVE,,,HIALEAH,Miami-Dade,,FL,,33012,,25.8644499,-80.2910644,,False
DOUBLE NINE SENIORS CLUB  INC.,,,,,,,4719 PALM AVENUE,,HIALEAH,,,,,Miami-Dade,33012,FL,,(305) 825-4459,,,,,,,,,,,,,,,,,Adult Day Care Center,,,,4719 PALM Ave,,,HIALEAH,Miami-Dade,,FL,,33012,,25.865344,-80.2826879,,True
EASTER SEALS FLORIDA INC,,,,,,,2010 MIZELL AVENUE,,WINTER PARK,,,,,Orange,32792,FL,,(407) 629-4565,,,,,,,,,,,,,,,,,Adult Day Care Center,,,,2010 MIZELL Ave,,,WINTER PARK,Orange,,FL,,32792,,28.5950758,-81.325257,,True
EASTER SEALS FLORIDA  INC.,,,,,,,520 N. SEMORAN BLVD.  SUITE 280,,ORLANDO,,,,,Orange,32807,FL,,(352) 377-7708,,,www.easterseals.com/florida,,,,,,,,,,,,,,Adult Day Care Center,,,,2002 NW 36TH Ave,,,GAINESVILLE,Alachua,,FL,,32605,,29.6861419,-82.34986649999999,Ridgeview,True
EASTER SEALS SOUTH FLORIDA  INC,,,,,,,1475 NW  14 AVENUE,,MIAMI,,,,,Miami-Dade,33125,FL,,(305) 325-0470,,,http://www.easterseals.com/southflorida/,,,,,,,,,,,,,,Adult Day Care Center,,,,1475 NW 14 Ave,,,MIAMI,Miami-Dade,,FL,,33125,,25.78887589999999,-80.21808039999999,Allapattah,True
EASTER SEALS THERAPEUTIC DAY CARE-HIALEAH,,,,,,,1475 NW 14TH AVENUE,,MIAMI,,,,,Miami-Dade,33125,FL,,(305) 887-7370,,,www.southflorida.easterseals.com,,,,,,,,,,,,,,Adult Day Care Center,,,,489 HIALEAH Dr,UNITS 7 8 9,,HIALEAH,Miami-Dade,,FL,,33010,,25.8236716,-80.2718293,,True
EL JARDIN ADULT DAY CARE LLC,,,,,,,4195 SW 137TH AVE STE 5,,MIAMI,,,,,Miami-Dade,33175,FL,,(305) 456-0122,,,,,,,,,,,,,,,,,Adult Day Care Center,,,,4195 SW 137TH AVE,STE 5,,MIAMI,Miami-Dade,,FL,,33175,,25.7298856,-80.4153779,,False
EL PASEO SENIOR CARE CENTER CORP,,,,,,,1390 NW 7 ST,,MIAMI,,,,,Miami-Dade,33125,FL,,(786) 655-0939,,,,,,,,,,,,,,,,,Adult Day Care Center,,,,1390 NW 7 ST,,,MIAMI,Miami-Dade,,FL,,33125,,25.779981,-80.2179383,East Little Havana,False
ELDER DAY STAY,,,,,,,2518 WEST TENNESSEE STREET,,TALLAHASSEE,,,,,Leon,32304,FL,,(850) 921-5554,,,,,,,,,,,,,,,,,Adult Day Care Center,,,,1660- 11 NORTH MONROE St,,,TALLAHASSEE,Leon,,FL,,32303,,30.4617181,-84.2815542,Levy Park,True
ELDER'S PLACE ADULT DAY CARE  LLC,,,,,,,12318 QUAIL ROOST DR,,MIAMI,,,,,Miami-Dade,33177,FL,,(305) 878-4773,,,,,,,,,,,,,,,,,Adult Day Care Center,,,,12318 QUAIL ROOST DR,,,MIAMI,Miami-Dade,,FL,,33177,,25.5822814,-80.3915375,,False
ELITE ADULT DAY CARE CENTER INC,,,,,,,50 LINDSAY CT # 101,,HIALEAH,,,,,Miami-Dade,33010-5224,FL,,(305) 557-8007,,,,,,,,,,,,,,,,,Adult Day Care Center,,,,2050 W 56TH ST,,,HIALEAH,Miami-Dade,,FL,,33016-2601,,25.8729224,-80.3244407,,False
EMERALD ADULT RECREATIONAL CENTER  INC,,,,,,,14228-30 SW 8ST UNIT 23,,MIAMI,,,,,Miami-Dade,33184,FL,,(305) 220-4720,,,,,,,,,,,,,,,,,Adult Day Care Center,,,,14228-30 SW 8ST,UNIT 23,,MIAMI,Miami-Dade,,FL,,33184,,25.7662048,-80.1939885,Brickell,False
ENDLESS YEARS ADULT CARE CENTER CORP,,,,,,,8004 NW 154TH ST STE 108,,MIAMI LAKES,,,,,Miami-Dade,33016,FL,,(786) 295-7036,,,Marlene713@bellsouth.net,,,,,,,,,,,,,,Adult Day Care Center,,,,5931 NW 173RD DR,UNIT 11,,MIAMI,Miami-Dade,,FL,,33015,,25.9311445,-80.2989498,,False
ESENCIA DE LA VIDA ADULT DAY CARE  INC.,,,,,,,4750 W FLAGLER ST,,MIAMI,,,,,Miami-Dade,33134,FL,,(786) 488-3503,,,,,,,,,,,,,,,,,Adult Day Care Center,,,,4750 W FLAGLER ST,,,MIAMI,Miami-Dade,,FL,,33134,,25.77113,-80.2726703,Flagami,False
EVERGREEN ADULT DAY CARE CENTER,,,,,,,13945 EVERGREEN AVE,,CLEARWATER,,,,,Pinellas,33762,FL,,(727) 573-9444,,,neighborly.org,,,,,,,,,,,,,,Adult Day Care Center,,,,13945 EVERGREEN AVE,,,CLEARWATER,Pinellas,,FL,,33762,,27.899473,-82.679371,,False
EVERYDAY SUNSHINE DAYCARE CENTER INC,,,,,,,3750 W 16 AVE  STE 202,,HIALEAH,,,,,Miami-Dade,33012,FL,,(786) 597-3698,,,,,,,,,,,,,,,,,Adult Day Care Center,,,,3750 W 16 AVE,STE 202,,HIALEAH,Miami-Dade,,FL,,33012,,25.8557027,-80.3150867,,False
FLORIDA PACE CENTERS INC,,,,,,,5200 NE 2ND AVE,,MIAMI,,,,,Miami-Dade,33137,FL,,(305) 751-8626,,,,,,,,,,,,,,,,,Adult Day Care Center,,,,2814 CORPORATE WAY,,,MIRAMAR,Broward,,FL,,33025,,25.9833849,-80.28608799999999,,False
FLORIDA PACE CENTERS  INC,,,,,,,5200 NE 2ND AVENUE,,MIAMI,,,,,Miami-Dade,33137,FL,,(305) 751-8626,,,,,,,,,,,,,,,,,Adult Day Care Center,,,,5200 NE 2ND Ave,,,MIAMI,Miami-Dade,,FL,,33137,,25.82286779999999,-80.1924317,Little Haiti,True
FLORIDA PACE CENTERS  INC,,,,,,,5200 NE 2ND AVE,,MIAMI,,,,,Miami-Dade,33137-2706,FL,,(786) 347-2040,,,,,,,,,,,,,,,,,Adult Day Care Center,,,,60 E 3RD ST,,,HIALEAH,Miami-Dade,,FL,,33010-4973,,25.8244504,-80.2798842,,False
FLORIDA PACE CENTERS  INC,,,,,,,2700 SW 97TH AVE,,MIAMI,,,,,Miami-Dade,33165,FL,,(305) 704-7815,,,www.pace4you.org,,,,,,,,,,,,,,Adult Day Care Center,,,,2700 SW 97TH AVE,,,MIAMI,Miami-Dade,,FL,,33165,,25.7447735,-80.35199039999999,,False
GARDEN ADULT DAY CARE LLC,,,,,,,10550 NW 77TH CT STE 315,,HIALEAH GARDENS,,,,,Miami-Dade,33016,FL,,(305) 992-5327,,,,,,,,,,,,,,,,,Adult Day Care Center,,,,10550 NW 77TH CT,STE 315,,HIALEAH GARDENS,Miami-Dade,,FL,,33016,,25.8691604,-80.32511679999999,,False
GARDEN OF EDEN 2015 CORP (THE),,,,,,,681 E 9TH ST,,HIALEAH,,,,,Miami-Dade,33010,FL,,(347) 601-0092,,,,,,,,,,,,,,,,,Adult Day Care Center,,,,681 E 9TH ST,,,HIALEAH,Miami-Dade,,FL,,33010,,25.8316067,-80.2674503,,False
GENOMA THERAPEUTIC ADULT DAY CARE CENTER  INC,,,,,,,4621 LAKE WORTH RD,,GREENACRES,,,,,Palm Beach,33463-3451,FL,,(561) 557-4719,,,www.genomaadcc.com,,,,,,,,,,,,,,Adult Day Care Center,,,,4621 LAKE WORTH RD,,,GREENACRES,Palm Beach,,FL,,33463-3451,,26.6185937,-80.1158505,,False
GENTLE CARING HANDS ADULT DAY CARE,,,,,,,1537 LONGFELLOW AVE,,BRONX,,,,,,10460-5431,NY,,(646) 303-7576,,,gchadultdaycare.com,,,,,,,,,,,,,,Adult Day Care Center,,,,1893 SNAPPER DR,,,KISSIMMEE,Polk,,FL,,34759-4823,,28.0770716,-81.49954939999999,,False
GILD ADULT DAYCARE LLC,,,,,,,18901 SW 106 AVE STE A118-A120,,MIAMI,,,,,Miami-Dade,33157,FL,,(305) 224-5940,,,,,,,,,,,,,,,,,Adult Day Care Center,,,,18901 SW 106 AVE,STE A118-A120,,MIAMI,Miami-Dade,,FL,,33157,,25.59003689999999,-80.3618762,,False
GOLDEN AGE ADULT DAYCARE LLC,,,,,,,2039 N UNIVERSITY DR,,SUNRISE,,,,,Broward,33322,FL,,(954) 748-1866,,,goldenageadultdaycare.org,,,,,,,,,,,,,,Adult Day Care Center,,,,2039 N UNIVERSITY DR,,,SUNRISE,Broward,,FL,,33322,,26.151346,-80.25727619999999,,False
GOLDEN AGE DAY CENTER INC,,,,,,,30370 OLD DIXIE HWY,,HOMESTEAD,,,,,Miami-Dade,33030,FL,,(786) 252-7632,,,,,,,,,,,,,,,,,Adult Day Care Center,,,,30370 OLD DIXIE HWY,,,HOMESTEAD,Miami-Dade,,FL,,33030,,25.4854267,-80.4629291,,False
GOLDEN SMILE ADULT DAY CARE  LLC,,,,,,,1726 E HALLANDALE BEACH BLVD,,HALLANDALE BEACH,,,,,Broward,33009,FL,,(754) 703-5684,,,,,,,,,,,,,,,,,Adult Day Care Center,,,,1726 E HALLANDALE BEACH BLVD,,,HALLANDALE BEACH,Broward,,FL,,33009,,25.9856604,-80.1294411,,False
GOLDEN TIME ADULT DAY CARE,,,,,,,11980 SW 8TH STREET  STE. 15,,MIAMI,,,,,Miami-Dade,33184,FL,,(305) 552-6162,,,,,,,,,,,,,,,,,Adult Day Care Center,,,,11980 SW 8TH St,STE 15,,MIAMI,Miami-Dade,,FL,,33184,,25.7602337,-80.3901622,,True
GRANDA'S ADULT DAY CARE,,,,,,,16267 SW 88TH ST,,MIAMI,,,,,Miami-Dade,33196,FL,,(305) 386-8356,,,,,,,,,,,,,,,,,Adult Day Care Center,,,,16267 SW 88TH ST,,,MIAMI,Miami-Dade,,FL,,33196,,25.6840361,-80.458846,,False
GRANDPARENTS ADULT DAY CARE CORP,,,,,,,1131 NW 22ND AVE,,MIAMI,,,,,Miami-Dade,33125,FL,,(305) 302-7070,,,,,,,,,,,,,,,,,Adult Day Care Center,,,,1131 NW 22ND AVE,,,MIAMI,Miami-Dade,,FL,,33125,,25.7840153,-80.23117359999999,Little Havana,False
GRANDPARENTS CLUB ADULT DAY CARE  LLC,,,,,,,4729 NW 183 ST,,MIAMI,,,,,Miami-Dade,33055,FL,,(786) 916-5306,,,,,,,,,,,,,,,,,Adult Day Care Center,,,,4729 NW 183 ST,,,MIAMI,Miami-Dade,,FL,,33055,,25.9397452,-80.2786874,,False
GREENACRES ADULT DAYCARE LLC,,,,,,,6623 FOREST HILL BLVD,,GREENACRES,,,,,Palm Beach,33413,FL,,(941) 786-6786,,,www.greenacresadultdaycare.com,,,,,,,,,,,,,,Adult Day Care Center,,,,6623 FOREST HILL BLVD,,,GREENACRES,Palm Beach,,FL,,33413,,26.6526019,-80.14660409999999,,False
HAINES CITY MULTIPURPOSE SENIOR CENTER,,,,,,,PO BOX 9005,DRAWER HS-07,BARTOW,,,,,Polk,33831-9005,FL,,(863) 421-3369,,,,,,,,,,,,,,,,,Adult Day Care Center,,,,751 SCENIC Hwy,,,HAINES CITY,Polk,,FL,,33844,,28.0844992,-81.62499079999999,,True
HAPPY DAYS ADULT DAY CARE LLC,,,,,,,1409 SW 22ND STREET,,MIAMI,,,,,,33145,FL,,(305) 285-9070,,,,,,,,,,,,,,,,,Adult Day Care Center,,,,1409 SW 22ND St,,,MIAMI,Miami-Dade,,FL,,33145,,25.7511215,-80.2188845,Coral Way,True
HAPPY FACE ADULT DAY CARE LLC,,,,,,,5856 W FLAGLER ST,,MIAMI,,,,,Miami-Dade,33144,FL,,(305) 755-2980,,,,,,,,,,,,,,,,,Adult Day Care Center,,,,5856 W FLAGLER ST,,,MIAMI,Miami-Dade,,FL,,33144,,25.770508,-80.2909789,Flagami,False
HAPPY FAMILY ADULT DAY CARE  CORP,,,,,,,413 NE VAN LOON LN STE 110,,CAPE CORAL,,,,,Lee,33909,FL,,(239) 800-3803,,,,,,,,,,,,,,,,,Adult Day Care Center,,,,413 NE VAN LOON LN,STE 110,,CAPE CORAL,Lee,,FL,,33909,,26.6534283,-81.9661856,Hancock,False
HAPPY TIMES ADULT DAY CARE CENTER CORP,,,,,,,50 WEST 29TH STREET  SUITES A & B,,HIALEAH,,,,,Miami-Dade,33012,FL,,(305) 805-1040,,,,,,,,,,,,,,,,,Adult Day Care Center,,,,50 WEST 29TH STREET SUITES A & B,,,HIALEAH,Miami-Dade,,FL,,33012,,25.8481314,-80.2831841,,False
HARRIS HOUSE ADULT DAYCARE CENTER  INC,,,,,,,9857 GIBSON AVENUE,,JACKSONVILLE,,,,,Duval,32208,FL,,(904) 343-7411,,,www.harrishouseadultdaycare.com,,,,,,,,,,,,,,Adult Day Care Center,,,,9857 GIBSON Ave,,,JACKSONVILLE,Duval,,FL,,32208,,30.4150221,-81.71307589999999,Northside,True
HEYDAYS SENIOR DAY PROGRAM,,,,,,,210 N GROVE STREET,,MERRITT ISLAND,,,,,Brevard,32953,FL,,(321) 474-8289,,,,,,,,,,,,,,,,,Adult Day Care Center,,,,210 N GROVE St,,,MERRITT ISLAND,Brevard,,FL,,32953,,28.359527,-80.701962,Merritt Park Place,True
HIALEAH SENIOR CLUB INC,,,,,,,2380-90 PALM AVE,,HIALEAH,,,,,Miami-Dade,33010,FL,,(305) 885-5115,,,,,,,,,,,,,,,,,Adult Day Care Center,,,,2380-90 PALM AVE,,,HIALEAH,Miami-Dade,,FL,,33010,,25.843482,-80.282439,,False
HOLISTIC ADULT CARE CENTER INC,,,,,,,10240 SW 56TH ST STE 113 114 115,,MIAMI,,,,,Miami-Dade,33165,FL,,(786) 306-3849,,,,,,,,,,,,,,,,,Adult Day Care Center,,,,10240 SW 56TH ST,STE 113 114 115,,MIAMI,Miami-Dade,,FL,,33165,,25.7152183,-80.35969589999999,,False
HOMESTEAD BEHAVIORAL CLINIC ADULT DAY CARE,,,,,,,654 NE 9TH PLACE,,HOMESTEAD,,,,,Miami-Dade,33030,FL,,(305) 248-3488,,,under construction,,,,,,,,,,,,,,Adult Day Care Center,,,,654 NE 9TH Pl,,,HOMESTEAD,Miami-Dade,,FL,,33030,,25.479288,-80.4677975,,True
HOPE ADULT DAY CARE INC.,,,,,,,1560 ROBERTS DRIVE,,JACKSONVILLE BEACH,,,,,Duval,32250,FL,,(904) 249-4673,,,hopeadcjaxbeach.com,,,,,,,,,,,,,,Adult Day Care Center,,,,8298 BAYBERRY Rd,SUITE 3,,JACKSONVILLE,Duval,,FL,,32256,,30.21802150000001,-81.58244069999999,Southside,True
HOPE CARE CENTER,,,,,,,2668 WINKLER AVENUE,,FORT MYERS,,,,,Lee,33901,FL,,(239) 985-6400,,,hopehcs.org,,,,,,,,,,,,,,Adult Day Care Center,,,,2668 WINKLER Ave,,,FORT MYERS,Lee,,FL,,33901,,26.6038743,-81.8581279,Winkler,True
HOPE CARE CENTER,,,,,,,2668 WINKLER AVENUE,,FORT MYERS,,,,,Lee,33901,FL,,(239) 985-6400,,,www.hopehcs.org,,,,,,,,,,,,,,Adult Day Care Center,,,,3280 TAMIAMI Trl,SUITE 45-47,,PORT CHARLOTTE,Charlotte,,FL,,33952,,26.9839324,-82.0980032,,True
HOPE CARE CENTER,,,,,,,2668 WINKLER AVE,,FORT MYERS,,,,,Lee,33901,FL,,(239) 985-6400,,,www.hopehcs.org,,,,,,,,,,,,,,Adult Day Care Center,,,,1201 WINGS WAY,,,LEHIGH ACRES,Lee,,FL,,33936,,26.5986221,-81.6512412,Alabama,False
HOPE CARE CENTER,,,,,,,2668 WINKLER AVE,,FORT MYERS,,,,,Lee,33901,FL,,(239) 985-6400,,,Hopehcs.org,,,,,,,,,,,,,,Adult Day Care Center,,,,13020 LIVINGSTON RD,,,NAPLES,Collier,,FL,,34105,,26.20905399999999,-81.7503725,Urban Estates,False
HOPE CARE CENTER,,,,,,,2668 WINKLER AVENUE,,FORT MYERS,,,,,Lee,33901,FL,,(239) 985-6400,,,www.hopehcs.org,,,,,,,,,,,,,,Adult Day Care Center,,,,1435 SANTA BARBARA BLVD,,,CAPE CORAL,Lee,,FL,,33991,,26.625111,-81.9731568,Hancock,False
HOPE FAMILY ADULT DAY CARE  INC,,,,,,,204 MCKENZIE UNIT A,,PUNTA GORDA,,,,,Charlotte,33950,FL,,(941) 505-6920,,,www.hopefamilyadultdaycare.com,,,,,,,,,,,,,,Adult Day Care Center,,,,204 MCKENZIE,UNIT A,,PUNTA GORDA,Charlotte,,FL,,33950,,26.92755909999999,-82.04537289999999,,False
I F A ADULT CARE  INC,,,,,,,14008 SW 8TH ST,,MIAMI,,,,,Miami-Dade,33184,FL,,,,,,,,,,,,,,,,,,,Adult Day Care Center,,,,14008 SW 8TH ST,,,MIAMI,Miami-Dade,,FL,,33184,,25.7604608,-80.42092020000001,,False
I MATTER ADULT DAY CENTER LLC,,,,,,,3427 W WOOLBRIGHT RD,,BOYNTON BEACH,,,,,Palm Beach,33436,FL,,(561) 777-7492,,,,,,,,,,,,,,,,,Adult Day Care Center,,,,3427 W WOOLBRIGHT RD,,,BOYNTON BEACH,Palm Beach,,FL,,33436,,26.5133811,-80.1024253,Quail Ridge,False
IDEAL ADULT DAYCARE CENTER  INC.,,,,,,,5972 WEST 16TH AVENUE,,HIALEAH,,,,,Miami-Dade,33012,FL,,(305) 827-3122,,,,,,,,,,,,,,,,,Adult Day Care Center,,,,5972 WEST 16TH Ave,,,HIALEAH,Miami-Dade,,FL,,33012,,25.8767368,-80.3155675,,True
IDEAL STAY ADULT DAY CARE AND REHAB CENTER INC,,,,,,,2164 JOG RD,,GREENACRES,,,,,Palm Beach,33415,FL,,(561) 557-4591,,,www.idealstayadultdaycare.com,,,,,,,,,,,,,,Adult Day Care Center,,,,2164 JOG RD,,,GREENACRES,Palm Beach,,FL,,33415,,26.64759949999999,-80.14538449999999,,False
IRV WEISSMAN ADULT DAY CENTER AT MENORAH MANOR,,,,,,,255 59TH STREET NORTH,,SAINT PETERSBURG,,,,,Pinellas,33710,FL,,(727) 345-2775,,,www.menorahmanor.org,,,,,,,,,,,,,,Adult Day Care Center,,,,255 59TH St N,,,SAINT PETERSBURG,Pinellas,,FL,,33710,,27.7735606,-82.7136422,,True
J & C ADULT DAY CARE INC,,,,,,,18505 NW 75TH PL STE 114,,MIAMI,,,,,Miami-Dade,33015,FL,,(305) 202-3676,,,,,,,,,,,,,,,,,Adult Day Care Center,,,,18505 NW 75TH PL,STE 114,,MIAMI,Miami-Dade,,FL,,33015,,25.9409127,-80.32159089999999,,False
JAIME'S ADULT DAY CENTERS LLC,,,,,,,13510 SHADY SHORES DR,,TAMPA,,,,,Hillsborough,33613,FL,,(813) 263-6735,,,,,,,,,,,,,,,,,Adult Day Care Center,,,,18950 N DALE MABRY HWY,,,LUTZ,Hillsborough,,FL,,33548,,28.1526848,-82.4918963,,False
JERRI'S PLACE  LLC,,,,,,,PO BOX 90154,,LAKELAND,,,,,Polk,33804-0154,FL,,(863) 687-6401,,,www.jerrisadultcare.com,,,,,,,,,,,,,,Adult Day Care Center,,,,624 W 5TH ST,,,LAKELAND,Polk,,FL,,33805,,28.0585738,-81.96334449999999,Paul A Digg,False
JESUS ES MI ROCA INC,,,,,,,10900 SW 184 STREET,,MIAMI,,,,,Miami-Dade,33157,FL,,(305) 278-8264,,,,,,,,,,,,,,,,,Adult Day Care Center,,,,10900 SW 184 St,,,MIAMI,Miami-Dade,,FL,,33157,,25.5972179,-80.368548,,True
JOY OF LIFE ADULT DAY CARE INC (THE),,,,,,,15190 SW 136TH STREET  STE 6,,MIAMI,,,,,Miami-Dade,33196,FL,,(786) 293-3310,,,www.joylifecenter.com,,,,,,,,,,,,,,Adult Day Care Center,,,,15190 SW 136TH St,STE 6,,MIAMI,Miami-Dade,,FL,,33196,,25.6398432,-80.4385959,,True
JUDY'S PLACE,,,,,,,604 WALNUT ST,,GREEN COVE SPRINGS,,,,,Clay,32043,FL,,(904) 531-5020,,,,,,,,,,,,,,,,,Adult Day Care Center,,,,1701 PARK AVE,,,ORANGE PARK,Clay,,FL,,32073,,30.1688932,-81.69825519999999,,False
KANE CENTER,,,,,,,900 SE SALERNO RD,,STUART,,,,,Martin,34997,FL,,(772) 223-7843,,,www.kanecenter.org,,,,,,,,,,,,,,Adult Day Care Center,,,,900 SE SALERNO RD,,,STUART,Martin,,FL,,34997,,27.1275235,-80.2419757,,False
KEY TRAINING CENTER,,,,,,,5399 W GULF TO LAKE HWY,,LECANTO,,,,,Citrus,34461-8531,FL,,(352) 795-5541,,,www.keytrainingcenter.org,,,,,,,,,,,,,,Adult Day Care Center,,,,1311 N GARNETT MILLER LOOP,,,LECANTO,Citrus,,FL,,34461,,28.81230800000001,-82.51787999999999,,False
KURT & ALICE WALTER ADULT DAY CARE & ALZHEIMER'S PAVILION,,,,,,,5000 NOB HILL ROAD,,SUNRISE,,,,,Broward,33351,FL,,(954) 742-2299,,,cantorcenter.com,,,,,,,,,,,,,,Adult Day Care Center,,,,5000 NOB HILL Rd,,,SUNRISE,Broward,,FL,,33351,,26.1868096,-80.2831119,,True
L.E.A.D. SERVICES,,,,,,,14533 FENNEY CR,,JACKSONVILLE,,,,,Duval,32258,FL,,(904) 503-2244,,,,,,,,,,,,,,,,,Adult Day Care Center,,,,1068 ARLINGTON RD N,,,JACKSONVILLE,Duval,,FL,,32211,,30.33081419999999,-81.5885065,Arlington,True
LA DOLCE VITA ADULT DAY CARE INC,,,,,,,6457 SW 13TH ST,,WEST MIAMI,,,,,Miami-Dade,33144,FL,,(305) 300-3356,,,,,,,,,,,,,,,,,Adult Day Care Center,,,,1030 E 8TH AVE,,,HIALEAH,Miami-Dade,,FL,,33010,,25.8321281,-80.2658677,,False
LA EDAD DE ORO ADULT DAY CARE  LLC,,,,,,,5870 SW 8TH ST,STE 8,WEST MIAMI,,,,,Miami-Dade,33144-5052,FL,,(305) 262-2700,,,miedaddeoro.com,,,,,,,,,,,,,,Adult Day Care Center,,,,5870 SW 8TH ST,,,WEST MIAMI,Miami-Dade,,FL,,33144-5052,,25.76315649999999,-80.2910835,,False
LA MERCED ADULT DAY CARE CORP,,,,,,,8707 SW 9TH TERRACE ST. STE. 14,,MIAMI,,,,,Miami-Dade,33174,FL,,(786) 837-1639,,,,,,,,,,,,,,,,,Adult Day Care Center,,,,8707 SW 9TH TERRACE ST,STE 14,,MIAMI,Miami-Dade,,FL,,33174,,25.7609648,-80.3368266,,False
LAKE COUNTY ADULT ACTIVITY CENTER INC,,,,,,,355 CITRUS TOWER BLVD. SUITE 102,,CLERMONT,,,,,Lake,34711,FL,,(352) 404-6098,,,,,,,,,,,,,,,,,Adult Day Care Center,,,,355 CITRUS TOWER BLVD,SUITE 102,,CLERMONT,Lake,,FL,,34711,,28.5644285,-81.7373458,,False
LAKE COUNTY ADULT ACTIVITY CENTER  INC.,,,,,,,248 MOHAWK RD,,CLERMONT,,,,,Lake,34715-7433,FL,,(352) 404-6098,,,,,,,,,,,,,,,,,Adult Day Care Center,,,,1934 N DONNELLY ST,STE B,,MOUNT DORA,Lake,,FL,,32757,,28.813957,-81.644459,,False
LAKELAND MULTI-PURPOSE SENIOR CENTER,,,,,,,PO BOX 9005,,BARTOW,,,,,Polk,33831-9005,FL,,(863) 499-2606,,,,,,,,,,,,,,,,,Adult Day Care Center,,,,1200 SOUTHERN Ave,,,LAKELAND,Polk,,FL,,33815,,28.027809,-81.985404,,True
LARGO ADULT DAY CARE CENTER,,,,,,,11095 131ST STREET,,LARGO,,,,,Pinellas,33774,FL,,(727) 593-1253,,,neighborly.org,,,,,,,,,,,,,,Adult Day Care Center,,,,11095 131ST St,,,LARGO,Pinellas,,FL,,33774,,27.8738432,-82.8190784,,True
LAS MERCEDES ADULT DAY CARE I  INC,,,,,,,50 LINDSAY CT 101,,HIALEAH,,,,,Miami-Dade,33010,FL,,(786) 900-0090,,,,,,,,,,,,,,,,,Adult Day Care Center,,,,1619 NW 27TH AVE,,,MIAMI,Miami-Dade,,FL,,33125,,25.7889351,-80.23948659999999,Little Havana,False
LAS MERCEDES ADULT DAY CARE II INC,,,,,,,2750 W 68TH STREET SUITE 125-126,,HIALEAH,,,,,Miami-Dade,33016,FL,,(305) 400-9985,,,,,,,,,,,,,,,,,Adult Day Care Center,,,,2750 W 68 ST,STE 125-128,,HIALEAH,Miami-Dade,,FL,,33016,,25.882784,-80.3383333,,False
LAS MERCEDES ADULT DAY CARE III  INC,,,,,,,50 LINDSAY CT 101,,HIALEAH,,,,,Miami-Dade,33010,FL,,(305) 400-9985,,,,,,,,,,,,,,,,,Adult Day Care Center,,,,9839-9841 SW 40TH ST,,,MIAMI,Miami-Dade,,FL,,33165,,25.732696,-80.3547516,,False
LAS MIAS ADULT DAY CARE,,,,,,,6429 SW 8TH STREET,,MIAMI,,,,,Miami-Dade,33144,FL,,(305) 262-0850,,,,,,,,,,,,,,,,,Adult Day Care Center,,,,6429 SW 8TH St,,,MIAMI,Miami-Dade,,FL,,33144,,25.7635415,-80.3005991,Flagami,True
LAUDERDALE LAKES ALZHEIMER CARE CENTER,,,,,,,4320 NORTH WEST 36TH STREET,,LAUDERDALE LAKES,,,,,Broward,33319,FL,,(954) 535-2800,,,www.lauderdalelakes.org,,,,,,,,,,,,,,Adult Day Care Center,,,,4320 NORTH WEST 36TH St,,,LAUDERDALE LAKES,Broward,,FL,,33319,,26.1705825,-80.2068633,,True
LCC ADULT DAY CARE  LLC,,,,,,,551 EAST 49TH STREET #12-13,,HIALEAH,,,,,Miami-Dade,33013,FL,,(305) 687-3800,,,lccadultdaycare.com,,,,,,,,,,,,,,Adult Day Care Center,,,,551 EAST 49TH St,# 12-13,,HIALEAH,Miami-Dade,,FL,,33013,,25.8676006,-80.27159809999999,,True
LIBERTAD ADULT DAY CARE CORP,,,,,,,925 SW 122ND AVE,,MIAMI,,,,,Miami-Dade,33184,FL,,(786) 536-9124,,,,,,,,,,,,,,,,,Adult Day Care Center,,,,925 SW 122ND AVE,,,MIAMI,Miami-Dade,,FL,,33184,,25.7595676,-80.3923275,,False
LIFE ADULT DAY CARE LLC,,,,,,,932 SW 82 AVE,,MIAMI,,,,,Miami-Dade,33144,FL,,(305) 456-0407,,,,,,,,,,,,,,,,,Adult Day Care Center,,,,932 SW 82 AVE,,,MIAMI,Miami-Dade,,FL,,33144,,25.7606396,-80.3279258,,False
LITTLE HAVANA ACTIVITIES & NUTRITION CENTERS OF DADE COUNTY  INC,,,,,,,700 SW 8TH STREET,,MIAMI,,,,,Miami-Dade,33130,FL,,(305) 858-0887,,,,,,,,,,,,,,,,,Adult Day Care Center,,,,700 SW 8TH St,,,MIAMI,Miami-Dade,,FL,,33130,,25.7656544,-80.2059799,Little Havana,True
LITTLE HAVANA ACTIVITIES & NUTRITION CENTERS OF DADE COUNTY  INC,,,,,,,700 SW 8TH ST,,MIAMI,,,,,Miami-Dade,33130,FL,,,,,,,,,,,,,,,,,,,Adult Day Care Center,,,,8551 HAMMOCKS BLVD,,,MIAMI,Miami-Dade,,FL,,33193,,25.6867312,-80.43621949999999,,False
LITTLE HAVANA ACTIVITIES AND NUTRITION CENTER OF DADE COUNTY INC,,,,,,,700 SW 8TH STREET,,MIAMI,,,,,Miami-Dade,33130,FL,,(305) 558-2570,,,www.LHANC.org,,,,,,,,,,,,,,Adult Day Care Center,,,,4410 WEST 16TH St,# 28C,,HIALEAH,Miami-Dade,,FL,,33012,,25.8614534,-80.3158335,,True
LIVING LIFE ADULT DAY CARE CORP,,,,,,,10720 NW 66TH ST APT 308,,DORAL,,,,,,33178,FL,,(305) 463-0391,,,www.livinglifeadc.com,,,,,,,,,,,,,,Adult Day Care Center,,,,1835 NW 112TH AVE,,,MIAMI,Miami-Dade,,FL,,33172,,25.7916877,-80.37609890000002,,False
LONG LIFE ADULT DAYCARE INC,,,,,,,5995 SW 8TH ST,,MIAMI,,,,,Miami-Dade,33144,FL,,(786) 384-9482,,,,,,,,,,,,,,,,,Adult Day Care Center,,,,5995 SW 8TH ST,,,MIAMI,Miami-Dade,,FL,,33144,,25.76356669999999,-80.29304379999999,Flagami,False
LOU'S PLACE A CARE COTTAGE,,,,,,,1150 W MINNEOLA AVE,,CLERMONT,,,,,Lake,34711,FL,,(352) 708-5544,,,,,,,,,,,,,,,,,Adult Day Care Center,,,,1150 W MINNEOLA AVE,,,CLERMONT,Lake,,FL,,34711,,28.5566148,-81.77476109999999,,False
LOVING HEART ADULT DAY CARE INC,,,,,,,5711 INDEPENDENCE CIR STE 2,,FORT MYERS,,,,,Lee,33912,FL,,(239) 437-2788,,,www.lovingheartadc.com,,,,,,,,,,,,,,Adult Day Care Center,,,,5711 INDEPENDENCE CIR,STE 2,,FORT MYERS,Lee,,FL,,33912,,26.530095,-81.85827549999999,,False
LOVING HEART ADULT DAY CARE INC,,,,,,,422 NE 2ND PL STE 100,,CAPE CORAL,,,,,,33909,FL,,(239) 437-2788,,,,,,,,,,,,,,,,,Adult Day Care Center,,,,422 NE 2ND PL,STE 100,,CAPE CORAL,Lee,,FL,,33909,,26.658701,-81.96791,Mariner,False
MAGIK ADULT DAYCARE CENTER LLC,,,,,,,4830 NW 167TH STREET,,MIAMI,,,,,Miami-Dade,33014,FL,,(239) 321-1002,,,,,,,,,,,,,,,,,Adult Day Care Center,,,,4830 NW 167TH St,,,MIAMI,Miami-Dade,,FL,,33014,,25.9246805,-80.2794819,,True
MAGNOLIA MANOR SENIOR DAY PROGRAM  LLC,,,,,,,141 BARKS DRIVE,,FORT WALTON BEACH,,,,,Okaloosa,32547,FL,,(850) 362-6556,,,magnoliamanor.biz,,,,,,,,,,,,,,Adult Day Care Center,,,,141 BARKS Dr,,,FORT WALTON BEACH,Okaloosa,,FL,,32547,,30.4534399,-86.6369144,,True
MARIA'S ADULT DAY CARE CENTER LLC,,,,,,,7821 SEMINOLE BLVD,,SEMINOLE,,,,,Pinellas,33772,FL,,(727) 223-3999,,,,,,,,,,,,,,,,,Adult Day Care Center,,,,26224 US HIGHWAY 19 N,,,CLEARWATER,Pinellas,,FL,,33761,,28.0058897,-82.73040259999999,,True
MARIAS ADULT DAY CARE CENTER LLC,,,,,,,7821 SEMINOLE BLVD,,SEMINOLE,,,,,Pinellas,33772,FL,,(727) 393-7711,,,www.mariacares.com,,,,,,,,,,,,,,Adult Day Care Center,,,,7821 SEMINOLE BLVD,,,SEMINOLE,Pinellas,,FL,,33772,,27.8434834,-82.78674439999999,,False
MARTHA'S ADULT DAYCARE & SERVICES  INC,,,,,,,5918 COPPER LAKE DR,,JACKSONVILLE,,,,,Duval,32218,FL,,(904) 766-0496,,,,,,,,,,,,,,,,,Adult Day Care Center,,,,8668 LEM TURNER RD,,,JACKSONVILLE,Duval,,FL,,32208,,30.3990957,-81.6837,Northside,False
MEALS ON WHEELS PLUS ADULT DAY CENTER,,,,,,,811 23RD AVE E,,BRADENTON,,,,,Manatee,34208,FL,,(941) 748-3001,,,www.mealsonwheelsplus.org,,,,,,,,,,,,,,Adult Day Care Center,,,,10920 E STATE RD,70,,LAKEWOOD RANCH,Manatee,,FL,,34202-8400,,27.4320428,-82.4335215,,False
MELISSA'S PLACE INC.,,,,,,,711 CLEVELAND AVE,,WILDWOOD,,,,,Sumter,34785,FL,,(352) 399-6862,,,www.melissasplaceadcc.net,,,,,,,,,,,,,,Adult Day Care Center,,,,711 CLEVELAND AVE,,,WILDWOOD,Sumter,,FL,,34785,,28.8658763,-82.0327267,,False
MEMORIAL ADULT DAY CARE CENTER,,,,,,,1750 EAST HALLANDALE BEACH BLVD.,,HALLANDALE BEACH,,,,,Broward,33009,FL,,(954) 457-0505,,,www.mhs.net,,,,,,,,,,,,,,Adult Day Care Center,,,,1750 EAST HALLANDALE BEACH BLVD,,,HALLANDALE BEACH,Broward,,FL,,33009,,25.9847409,-80.1308065,,False
MEMORY & WELLNESS CENTER AT FLORIDA ATLANTIC UNIVERSITY,,,,,,,777 GLADES ROAD,BUILDING AZ-79,BOCA RATON,,,,,Palm Beach,33431,FL,,(561) 297-0503,,,www.fau.edu/memorywellnesscenter,,,,,,,,,,,,,,Adult Day Care Center,,,,777 GLADES Rd,,,BOCA RATON,Palm Beach,,FL,,33431,,26.3655442,-80.10234779999999,,True
MI SEGUNDA CASA ADULT DAY CARE INC.,,,,,,,3599 NW 7TH STREET,,MIAMI,,,,,Miami-Dade,33125,FL,,(786) 426-0084,,,,,,,,,,,,,,,,,Adult Day Care Center,,,,3599 NW 7TH ST,,,MIAMI,Miami-Dade,,FL,,33125,,25.779251,-80.253801,Little Havana,False
MIAMI BEACH DAY CARE FOR FRAIL ELDERLY,,,,,,,610 ESPANOLA WAY,,MIAMI BEACH,,,,,Miami-Dade,33139,FL,,(305) 673-6060,,,www.jcsfl.org,,,,,,,,,,,,,,Adult Day Care Center,,,,610 ESPANOLA WAY,,,MIAMI BEACH,Miami-Dade,,FL,,33139,,25.7867153,-80.1346626,Flamingo / Lummus,False
MIAMI HORIZON CORP,,,,,,,10000 SW 56TH STREET,STE. 33-36,MIAMI,,,,,Miami-Dade,33165,FL,,(786) 534-8080,,,miamihorizon.org,,,,,,,,,,,,,,Adult Day Care Center,,,,10000 SW 56TH St,STE 33-36,,MIAMI,Miami-Dade,,FL,,33165,,25.7152529,-80.3573735,,True
MIAMI-DADE COUNTY HOMESTEAD ADULT DAY CARE CENTER (THE),,,,,,,111 NW 1ST ST,# 2550,HOMESTEAD,,,,,Miami-Dade,33030,FL,,(305) 242-7676,,,www.miamidade.gov/cahsd,,,,,,,,,,,,,,Adult Day Care Center,,,,653 SW 4TH St,,,HOMESTEAD,Miami-Dade,,FL,,33030,,25.4664111,-80.4865129,,True
MIAMI-DADE COUNTY SOUTH DADE ADULT DAY CARE CENTER (THE),,,,,,,19590 OLD CUTLER ROAD,,MIAMI,,,,,Miami-Dade,33157,FL,,(305) 255-1433,,,www.miamidade.gov/cahsd,,,,,,,,,,,,,,Adult Day Care Center,,,,19590 OLD CUTLER Rd,,,MIAMI,Miami-Dade,,FL,,33157,,25.5604612,-80.3609874,,True
MILLENNIUM HOUSE OF SOUTHWEST FLORIDA,,,,,,,8951 BONITA BEACH ROAD  SUITE 297,,BONITA SPRINGS,,,,,Lee,34135,FL,,(239) 992-5513,,,,,,,,,,,,,,,,,Adult Day Care Center,,,,8951 BONITA BEACH Rd,,,BONITA SPRINGS,Lee,,FL,,34135,,26.32855069999999,-81.8039136,,True
MIMAS ADULT DAY CARE CENTER INC,,,,,,,7300 W 20 AVE,,HIALEAH,,,,,Miami-Dade,33016,FL,,(305) 244-4133,,,,,,,,,,,,,,,,,Adult Day Care Center,,,,7300 W 20 AVE,,,HIALEAH,Miami-Dade,,FL,,33016,,25.88911,-80.32494799999999,,False
MIS ABUELITOS FELICES ADULT DAY CARE  INC,,,,,,,15260 SW 280TH ST  BAY 118-119,,HOMESTEAD,,,,,Miami-Dade,33032,FL,,(305) 245-0553,,,,,,,,,,,,,,,,,Adult Day Care Center,,,,15260 SW 280TH ST,BAY 118-119,,HOMESTEAD,Miami-Dade,,FL,,33032,,25.5060158,-80.4381892,,False
MISSION OAKS ADULT DAY CARE,,,,,,,10780 N US HWY 301,,OXFORD,,,,,Sumter,34484,FL,,(352) 330-3900,,,,,,,,,,,,,,,,,Adult Day Care Center,,,,10780 N US HWY 301,,,OXFORD,Sumter,,FL,,34484,,28.9132244,-82.0381793,,True
MORNING STAR ADULT DAY CARE CENTER CORP.,,,,,,,2741- 45 S.W. 142 AVE,,MIAMI,,,,,Miami-Dade,33175,FL,,(305) 485-4002,,,,,,,,,,,,,,,,,Adult Day Care Center,,,,2741- 45 SW 142 AVE,,,MIAMI,Miami-Dade,,FL,,33175,,25.7419272,-80.42352819999999,,False
MORNING STAR ADULT DAY CARE CENTER II CORP,,,,,,,13208 SW 8TH ST,,MIAMI,,,,,Miami-Dade,33184,FL,,(305) 905-5208,,,,,,,,,,,,,,,,,Adult Day Care Center,,,,13206-08 SW 8TH ST,,,MIAMI,Miami-Dade,,FL,,33184,,25.7604892,-80.41012549999999,,False
MORSELIFE ADULT DAY CARE CENTER,,,,,,,2475 W ATLANTIC AVE,,DELRAY BEACH,,,,,Palm Beach,33445,FL,,(561) 687-5790,,,,,,,,,,,,,,,,,Adult Day Care Center,,,,2475 W ATLANTIC AVE,,,DELRAY BEACH,Palm Beach,,FL,,33445,,26.4591691,-80.0991025,,False
MOUNT OLYMPUS SENIOR CARE AND ACTIVITY CENTER CORP,,,,,,,14443 COUNTRY WALK DR.,,MIAMI,,,,,Miami-Dade,33186,FL,,(786) 230-6621,,,www.mtoseniorcenter.com,,,,,,,,,,,,,,Adult Day Care Center,,,,14443 COUNTRY WALK DR,,,MIAMI,Miami-Dade,,FL,,33186,,25.630138,-80.427177,,False
MSENE,,,,,,,100 WESTWARD DR UNIT A,,MIAMI SPRINGS,,,,,Miami-Dade,33166,FL,,(305) 888-5003,,,www.miamiseniordaycare.com,,,,,,,,,,,,,,Adult Day Care Center,,,,100 WESTWARD DR,UNIT A,,MIAMI SPRINGS,Miami-Dade,,FL,,33166,,25.8209246,-80.283415,,False
MY FAMILY ADULT DAY CARE LLC,,,,,,,10029 SW 72ND ST,,MIAMI,,,,,Miami-Dade,33173,FL,,(305) 412-3889,,,,,,,,,,,,,,,,,Adult Day Care Center,,,,10029 SW 72ND ST,,,MIAMI,Miami-Dade,,FL,,33173,,25.702084,-80.3567216,,False
NANA'S ADULT DAY CARE AND RECREATION CENTER LLC,,,,,,,8004 NW 154TH ST STE 208,,HIALEAH,,,,,Miami-Dade,33016,FL,,(305) 485-9141,,,www.nanasadultdaycare.com,,,,,,,,,,,,,,Adult Day Care Center,,,,13655 SW 26TH ST,,,MIAMI,Miami-Dade,,FL,,33175,,25.744617,-80.4154831,,False
NASSAU COUNTY COUNCIL ON AGING  INC.,,,,,,,1367 SOUTH 18TH STREET,,FERNANDINA BEACH,,,,,,32034,FL,,(904) 261-0701,,,nassaucountycoa.org,,,,,,,,,,,,,,Adult Day Care Center,,,,1367 SOUTH 18TH St,,,FERNANDINA BEACH,Nassau,,FL,,32034,,30.65226609999999,-81.4500025,,True
NEW DAY ADULT CARE CENTER,,,,,,,301 EBBTIDE DRIVE,,NORTH PALM BEACH,,,,,Palm Beach,33408,FL,,(561) 844-0012,,,www.faithnpb.com,,,,,,,,,,,,,,Adult Day Care Center,,,,301 EBBTIDE Dr,,,NORTH PALM BEACH,Palm Beach,,FL,,33408,,26.81383679999999,-80.05775489999999,,True
NEW HORIZON ADULT ACTIVITY CENTER INC,,,,,,,913A SW 87 AVE,,MIAMI,,,,,Miami-Dade,33174,FL,,(305) 266-9335,,,,,,,,,,,,,,,,,Adult Day Care Center,,,,913A SW 87 AVE,,,MIAMI,Miami-Dade,,FL,,33174,,25.7607044,-80.33538999999999,,False
NEW LIFE MEDICAL INSTITUTE  INC.,,,,,,,861 SW 8 STREET,,MIAMI,,,,,Miami-Dade,33130,FL,,(305) 857-9800,,,http://newlifemedicalplan.com/en/,,,,,,,,,,,,,,Adult Day Care Center,,,,861 SW 8 St,,,MIAMI,Miami-Dade,,FL,,33130,,25.7664309,-80.2088218,Little Havana,True
NIRVANA ADULT DAY CARE INC,,,,,,,7100 PINES BLVD STE 2,,PEMBROKE PINES,,,,,Broward,33024,FL,,(954) 505-4685,,,,,,,,,,,,,,,,,Adult Day Care Center,,,,7100 PINES BLVD,STE 2,,PEMBROKE PINES,Broward,,FL,,33024,,26.0088467,-80.2300322,,False
NOBLE MCARTOR SENIOR DAY CARE CENTER,,,,,,,1480 SW 9TH AVENUE,,FORT LAUDERDALE,,,,,Broward,33315,FL,,(954) 764-5055,,,,,,,,,,,,,,,,,Adult Day Care Center,,,,1480 SW 9TH Ave,,,FORT LAUDERDALE,Broward,,FL,,33315,,26.1033725,-80.15273499999999,South Fort Lauderdale,True
NONNAS ADULT DAY CARE FACILITY INC.,,,,,,,8870 SW 40TH STREET  #5,,MIAMI,,,,,Miami-Dade,33165,FL,,(305) 989-7909,,,nonnasadultdaycare.com,,,,,,,,,,,,,,Adult Day Care Center,,,,8870 SW 40TH St,# 5,,MIAMI,Miami-Dade,,FL,,33165,,25.7325712,-80.3394201,,True
NORTH MIAMI ADULT DAY CARE CENTER INC,,,,,,,931 NE 82 ST,,MIAMI,,,,,Miami-Dade,33138,FL,,(305) 979-8702,,,,,,,,,,,,,,,,,Adult Day Care Center,,,,855 NE 130 ST,,,NORTH MIAMI,Miami-Dade,,FL,,33161,,25.8952284,-80.1818129,,False
NORTH WEST FEDERATED WOMAN'S CLUB OF BROWARD COUNTY  INC.,,,,,,,2185 NORTH WEST 19TH STREET,,FORT LAUDERDALE,,,,,Broward,33311,FL,,(954) 714-3500,,,,,,,,,,,,,,,,,Adult Day Care Center,,,,2185 NORTH WEST 19TH St,,,FORT LAUDERDALE,Broward,,FL,,33311,,26.1517472,-80.1722817,,True
NORTHEAST FOCAL POINT ADULT DAY CARE CENTER,,,,,,,227 NW SECOND STREET,,DEERFIELD BEACH,,,,,Broward,33441,FL,,(954) 480-4470,,,www.deerfield-beach.com,,,,,,,,,,,,,,Adult Day Care Center,,,,225A NW SECOND St,,,DEERFIELD BEACH,Broward,,FL,,33441,,26.3205737,-80.1057396,,True
NORTHLAKES ADULT DAY CARE CENTER,,,,,,,PO BOX 1110,601 E KENNEDY BLVD 16TH FLOOR,TAMPA,,,,,Hillsborough,33602,FL,,(813) 276-8358,,,,,,,,,,,,,,,,,Adult Day Care Center,,,,2640 N LAKEVIEW Dr,,,TAMPA,Hillsborough,,FL,,33618,,28.108017,-82.48939899999999,,True
NORTHWEST FOCAL POINT SENIOR CENTER ADULT DAY CARE,,,,,,,6009 N.W. 10TH STREET,,MARGATE,,,,,Broward,33063,FL,,(954) 973-0300,,,nwfp.margatefl.com,,,,,,,,,,,,,,Adult Day Care Center,,,,6009 NW 10TH St,,,MARGATE,Broward,,FL,,33063,,26.2409854,-80.2068389,,True
NOSTALGIA ADULT DAY CARE & ACTIVITIES CENTER  INC,,,,,,,20855 NW 9TH CT,,MIAMI GARDENS,,,,,Miami-Dade,33169,FL,,(305) 816-6163,,,,,,,,,,,,,,,,,Adult Day Care Center,,,,20855 NW 9TH CT,,,MIAMI GARDENS,Miami-Dade,,FL,,33169,,25.9669842,-80.21864160000001,,False
OAKS AT RIVERVIEW SENIOR CENTER,,,,,,,601 E. KENNEDY BLVD.  16TH FLOOR,,TAMPA,,,,,Hillsborough,33602,FL,,(813) 272-6829,,,www.hillsboroughcounty.org/aging,,,,,,,,,,,,,,Adult Day Care Center,,,,101 EAST KIRBY St,,,TAMPA,Hillsborough,,FL,,33604,,28.0177668,-82.4590546,Old Seminole Heights,True
OLIMPO ADULT DAY CARE  INC,,,,,,,11865 SW 26 ST STE G5,,MIAMI,,,,,Miami-Dade,33175,FL,,(786) 464-0634,,,,,,,,,,,,,,,,,Adult Day Care Center,,,,11865 SW 26 ST,STE G5,,MIAMI,Miami-Dade,,FL,,33175,,25.7442676,-80.3880008,,False
OSCEOLA COUNCIL ON AGING  INC,,,,,,,700 GENERATION POINT,,KISSIMMEE,,,,,Osceola,34744,FL,,(407) 846-8532,,,osceolagenerations.org,,,,,,,,,,,,,,Adult Day Care Center,,,,700 GENERATION POINT,,,KISSIMMEE,Osceola,,FL,,34744,,28.2854602,-81.359737,,False
PALM BEACH COUNTY BOARD OF COUNTY COMMISSIONERS,,,,,,,810 DATURA STREET  SUITE 300,,WEST PALM BEACH,,,,,Palm Beach,33401,FL,,(561) 355-4746,,,pbcgov.org,,,,,,,,,,,,,,Adult Day Care Center,,,,5217 NORTHLAKE BLVD,,,PALM BEACH GARDENS,Palm Beach,,FL,,33418,,26.810253,-80.11793999999999,,False
PALM BEACH COUNTY BOARD OF COUNTY COMMISSIONERS,,,,,,,810 DATURA STREET  SUITE 300,,WEST PALM BEACH,,,,,Palm Beach,33401,FL,,(561) 355-4746,,,pbcgov.org,,,,,,,,,,,,,,Adult Day Care Center,,,,3680 LAKE WORTH Rd,,,LAKE WORTH,Palm Beach,,FL,,33461,,26.6172553,-80.10038449999999,,True
PALM TERRACE ASSISTED LIVING FACILITY & ADULT DAY CARE CENTER,,,,,,,5121 EAST SERENA DR,,TAMPA,,,,,Hillsborough,33617,FL,,(813) 988-0033,,,www.palmterracealf.com,,,,,,,,,,,,,,Adult Day Care Center,,,,5121 EAST SERENA DR,,,TAMPA,Hillsborough,,FL,,33617,,28.0430335,-82.39797,Terrace Park,False
PARADISE ADULT DAY CARE  INC,,,,,,,50 LINDSAY CT 101 - 106,,HIALEAH,,,,,Miami-Dade,33010,FL,,(786) 715-6657,,,ParadiseADC.com,,,,,,,,,,,,,,Adult Day Care Center,,,,50 LINDSAY CT,101 - 106,,HIALEAH,Miami-Dade,,FL,,33010,,25.8220499,-80.2787713,,False
PARADISE SENIOR CENTER INC,,,,,,,6240 PEMBROKE RD,,MIRAMAR,,,,,Broward,33023,FL,,(954) 732-7588,,,,,,,,,,,,,,,,,Adult Day Care Center,,,,6240 PEMBROKE RD,,,MIRAMAR,Broward,,FL,,33023,,25.9951017,-80.21259529999999,,False
PARADISE THERAPEUTIC ADULT DAY CARE CENTER INC,,,,,,,2954-2960 S  JOG  RD,,GREENACRES,,,,,Palm Beach,33467,FL,,(561) 249-3740,,,,,,,,,,,,,,,,,Adult Day Care Center,,,,2954-2960 S JOG RD,,,GREENACRES,Palm Beach,,FL,,33467,,26.6327191,-80.14467359999999,,False
PEACHES-NA-BASKET ADULT DAY CARE CENTER  INC,,,,,,,2040 SOUTEL DRIVE,,JACKSONVILLE,,,,,Duval,32208,FL,,(904) 766-4993,,,,,,,,,,,,,,,,,Adult Day Care Center,,,,2040 SOUTEL Dr,,,JACKSONVILLE,Duval,,FL,,32208,,30.4089633,-81.68909649999999,Northwest,True
PEARLENA'S ADULT ACTIVITY CENTER,,,,,,,3507 N 12TH ST,,TAMPA,,,,,Hillsborough,33605,FL,,,,,,,,,,,,,,,,,,,Adult Day Care Center,,,,9309 N FLORIDA AVE,STE 101,,TAMPA,Hillsborough,,FL,,33612,,28.0350507,-82.45766739999999,,False
PENATE ADULT CARE,,,,,,,14792-14794 SW 56 ST,,MIAMI,,,,,Miami-Dade,33185,FL,,(786) 272-9171,,,,,,,,,,,,,,,,,Adult Day Care Center,,,,14792-14794 SW 56 ST,,,MIAMI,Miami-Dade,,FL,,33185,,25.713166,-80.4331221,,False
PEQUENOS GIGANTES ADULT DAY CARE INC,,,,,,,16 NW 26 AVE,,MIAMI,,,,,Miami-Dade,33125,FL,,(305) 321-7588,,,,,,,,,,,,,,,,,Adult Day Care Center,,,,16 NW 26 AVE,,,MIAMI,Miami-Dade,,FL,,33125,,25.7727894,-80.23829789999999,Little Havana,False
PHYLLIS BUSANSKY ADULT DAY CARE CENTER,,,,,,,PO BOX 1110,601 E KENNEDY BLVD 16TH FLOOR,TAMPA,,,,,Hillsborough,33607,FL,,(813) 276-8358,,,,,,,,,,,,,,,,,Adult Day Care Center,,,,4102 W SPRUCE St,,,TAMPA,Hillsborough,,FL,,33607,,27.9591577,-82.5120407,Northwest Tampa,True
PLANT CITY ADULT DAY CARE CENTER,,,,,,,PO BOX 1110,601 E KENNEDY BLVD 16TH FLOOR,TAMPA,,,,,Hillsborough,33602,FL,,(813) 276-8358,,,,,,,,,,,,,,,,,Adult Day Care Center,,,,1205 SOUTH WALLER St,,,PLANT CITY,Hillsborough,,FL,,33566,,28.0047902,-82.1311977,,True
PORTER'S ADULT CARE INC,,,,,,,700 DAY AVE,,JACKSONVILLE,,,,,Duval,32205,FL,,(904) 381-8962,,,,,,,,,,,,,,,,,Adult Day Care Center,,,,700 DAY AVE,,,JACKSONVILLE,Duval,,FL,,32205,,30.31891799999999,-81.709847,Northwest,False
PRIMAVERA ADULT DAY CARE INC,,,,,,,1660 SW 19TH ST,,MIAMI,,,,,Miami-Dade,33145,FL,,(305) 200-6860,,,,,,,,,,,,,,,,,Adult Day Care Center,,,,311 SW 27 AVE,,,MIAMI,Miami-Dade,,FL,,33135,,25.7691758,-80.2387026,Little Havana,False
PROFESSIONAL ADULT DAY CARE INC,,,,,,,4967 W 6TH AVE,,HIALEAH,,,,,Miami-Dade,33012,FL,,(786) 506-4883,,,,,,,,,,,,,,,,,Adult Day Care Center,,,,4967 W 6TH AVE,,,HIALEAH,Miami-Dade,,FL,,33012,,25.8676322,-80.2949004,,False
RIVER'S EDGE ADULT DAY CARE INC,,,,,,,422 MARTIN ROAD SE,,PALM BAY,,,,,Brevard,32909,FL,,(321) 727-7337,,,,,,,,,,,,,,,,,Adult Day Care Center,,,,422 MARTIN Rd SE,,,PALM BAY,Brevard,,FL,,32909,,27.9902816,-80.62121669999999,,True
ROSELAND ADULT DAYCARE  INC,,,,,,,7392 SW 40 STREET,,MIAMI,,,,,Miami-Dade,33155,FL,,(786) 388-7673,,,www.roselandadultdaycare.com,,,,,,,,,,,,,,Adult Day Care Center,,,,7392 SW 40 St,,,MIAMI,Miami-Dade,,FL,,33155,,25.7326154,-80.3147917,,True
SAN JOSE ADULT DAY CARE LLC,,,,,,,7865 SW 24TH ST,,MIAMI,,,,,Miami-Dade,33155,FL,,(786) 360-1584,,,,,,,,,,,,,,,,,Adult Day Care Center,,,,7865 SW 24TH ST,,,MIAMI,Miami-Dade,,FL,,33155,,25.7484558,-80.3234916,,False
SAN JUDAS TADEO COMMUNITY ADULT DAY CARE CORP,,,,,,,15628 SW 72ND STREET,,MIAMI,,,,,Miami-Dade,33193,FL,,(305) 408-0077,,,www.firstchoiceadc.com,,,,,,,,,,,,,,Adult Day Care Center,,,,15628 SW 72ND St,,,MIAMI,Miami-Dade,,FL,,33193,,25.6988431,-80.4461245,,True
SANTOS'S ADULT DAY CARE  INC,,,,,,,13359 SW 42 ST,,MIAMI,,,,,Miami-Dade,33175,FL,,(786) 271-6745,,,,,,,,,,,,,,,,,Adult Day Care Center,,,,13359 SW 42 ST,,,MIAMI,Miami-Dade,,FL,,33175,,25.7297297,-80.41088909999999,,False
SARAH CARE ADULT DAY CARE OF PEMBROKE PINES,,,,,,,1200 NORTH UNIVERSITY DRIVE,,PEMBROKE PINES,,,,,Broward,33024,FL,,(954) 237-5050,,,www.sarahcare.com,,,,,,,,,,,,,,Adult Day Care Center,,,,1200 NORTH UNIVERSITY Dr,,,PEMBROKE PINES,Broward,,FL,,33024,,26.0193227,-80.2490152,,True
SARAHCARE OF CORAL SPRINGS,,,,,,,754 RIVERSIDE DR,,CORAL SPRINGS,,,,,Broward,33071-7006,FL,,(954) 341-7788,,,www.sarahcare-cs.com,,,,,,,,,,,,,,Adult Day Care Center,,,,754 RIVERSIDE DR,,,CORAL SPRINGS,Broward,,FL,,33071-7006,,26.2427498,-80.24335119999999,,False
SARAHCARE OF MELBOURNE,,,,,,,1504 S HARBOR CITY,,MELBOURNE,,,,,Brevard,32901,FL,,(321) 676-3460,,,www.sarahcare/melbourne,,,,,,,,,,,,,,Adult Day Care Center,,,,1504 S HARBOR CITY,,,MELBOURNE,Brevard,,FL,,32901,,28.0846118,-80.60627939999999,,False
SCHAFFER ADULT DAY HEALTH CENTER,,,,,,,4847 FRED GLADSTONE DRIVE,,WEST PALM BEACH,,,,,Palm Beach,33417,FL,,(561) 687-5790,,,www.morselife.org,,,,,,,,,,,,,,Adult Day Care Center,,,,4847 FRED GLADSTONE Dr,,,WEST PALM BEACH,Palm Beach,,FL,,33417,,26.746162,-80.115906,,True
SEA BREEZE ADULT DAY CENTER  LLC,,,,,,,618 94TH AVE N,,SAINT PETERSBURG,,,,,Pinellas,33702,FL,,(727) 365-5481,,,,,,,,,,,,,,,,,Adult Day Care Center,,,,618 94TH AVE N,,,SAINT PETERSBURG,Pinellas,,FL,,33702,,27.8572246,-82.6421621,,True
SENDER RETREAT,,,,,,,1515 COVERED BRIDGE DRIVE,,DELAND,,,,,Volusia,32724,FL,,(386) 734-4442,,,senderretreat.com,,,,,,,,,,,,,,Adult Day Care Center,,,,1270 ORANGE CAMP RD,,,DELAND,Volusia,,FL,,32724,,28.9852212,-81.26740869999999,,False
SENIOR ACTIVITY CENTER CORP,,,,,,,7801 CORAL WAY STE 136,,MIAMI,,,,,Miami-Dade,33155,FL,,(305) 305-6521,,,,,,,,,,,,,,,,,Adult Day Care Center,,,,7801 CORAL WAY,STE 136,,MIAMI,Miami-Dade,,FL,,33155,,25.7485272,-80.3223603,,False
SENIOR CARE OF BREVARD,,,,,,,234 WILLARD STREET  SUITE A,,COCOA,,,,,Brevard,32922,FL,,(321) 631-9014,,,www.seniorcareofbrevard.com,,,,,,,,,,,,,,Adult Day Care Center,,,,234 WILLARD St,SUITE A,,COCOA,Brevard,,FL,,32922,,28.3567228,-80.7275051,Sanders,True
SENIOR CENTER ADULT DAY CARE CORP,,,,,,,3925 SW 82 AVENUE,,MIAMI,,,,,Miami-Dade,33155,FL,,(305) 982-8217,,,info@scadultdaycare.com,,,,,,,,,,,,,,Adult Day Care Center,,,,3925 SW 82 Ave,,,MIAMI,Miami-Dade,,FL,,33155,,25.73381299999999,-80.32715499999999,,True
SENIOR CENTER II ADULT DAY CARE CORP,,,,,,,8175 SW 40TH ST,,MIAMI,,,,,Miami-Dade,33155-6746,FL,,(786) 409-4115,,,www.scadultdaycare.com,,,,,,,,,,,,,,Adult Day Care Center,,,,8175-77 SW 40TH ST,,,MIAMI,Miami-Dade,,FL,,33155,,25.733675,-80.3266982,,False
SENIOR FRIENDSHIP CENTERS OF LEE COUNTY,,,,,,,5272 SUMMERLIN COMMONS WAY # 601,,FORT MYERS,,,,,Lee,33907,FL,,(239) 275-1881,,,friendshipcenters.org,,,,,,,,,,,,,,Adult Day Care Center,,,,5272 SUMMERLIN COMMONS WAY,# 601,,FORT MYERS,Lee,,FL,,33907,,26.5763183,-81.8781685,,False
SENIOR FRIENDSHIP CENTERS  INC,,,,,,,1888 BROTHER GEENEN WAY,,SARASOTA,,,,,Sarasota,34236,FL,,(941) 556-3250,,,,,,,,,,,,,,,,,Adult Day Care Center,,,,1820 BROTHER GEENEN WAY,,,SARASOTA,Sarasota,,FL,,34236,,27.3301349,-82.5333766,Downtown,False
SENIOR FRIENDSHIP CENTERS  INC.,,,,,,,2350 SCENIC DRIVE,,VENICE,,,,,Sarasota,34293,FL,,(941) 584-0044,,,friendshipcenters.org,,,,,,,,,,,,,,Adult Day Care Center,,,,2350 SCENIC Dr,,,VENICE,Sarasota,,FL,,34293,,27.0666735,-82.42977619999999,,True
SENIOR RESOURCE ASSOCIATION   INC,,,,,,,686 14TH ST,,VERO BEACH,,,,,Indian River,32960,FL,,(772) 569-0760,,,SeniorResourceAssociation.org,,,,,,,,,,,,,,Adult Day Care Center,,,,686 14TH ST,,,VERO BEACH,Indian River,,FL,,32960,,27.6273011,-80.386628,,False
SENIOR RESOURCE ASSOCIATION  INC.,,,,,,,694 14TH STREET,,VERO BEACH,,,,,Indian River,32960,FL,,(772) 388-5827,,,www.seniorresourceassociation.org,,,,,,,,,,,,,,Adult Day Care Center,,,,815 DAVIS St,,,SEBASTIAN,Indian River,,FL,,32958,,27.8254097,-80.4769479,,True
SENIOR SOCIAL CLUB (THE),,,,,,,2912 N STATE ROAD 7,,MARGATE,,,,,Broward,33063-5730,FL,,(954) 366-1212,,,theseniorsocial.com,,,,,,,,,,,,,,Adult Day Care Center,,,,2912 N STATE Rd,7,,MARGATE,Broward,,FL,,33063-5730,,26.2622688,-80.20153119999999,,True
SENIORS GARDEN ADULT DAYCARE  LLC,,,,,,,6900 W 32ND AVE  STES 1  2 & 3,,HIALEAH,,,,,Miami-Dade,33018,FL,,(305) 822-2224,,,,,,,,,,,,,,,,,Adult Day Care Center,,,,6900 W 32ND AVE,STES 1 2 & 3,,HIALEAH,Miami-Dade,,FL,,33018,,25.8851321,-80.348186,,False
SERENITY LIFE ADULT DAY CARE CENTER INC,,,,,,,5625 W WATERS AVE STE G,,TAMPA,,,,,Hillsborough,33634,FL,,(813) 888-1200,,,,,,,,,,,,,,,,,Adult Day Care Center,,,,5625 W WATERS AVE,STE G,,TAMPA,Hillsborough,,FL,,33634,,28.02611,-82.53964959999999,,False
SHARE THE CARE  INC,,,,,,,710 SPRING LAKE RD STE 1100,,ALTAMONTE SPG,,,,,Seminole,32701-6459,FL,,(407) 423-5311,,,,,,,,,,,,,,,,,Adult Day Care Center,,,,710 SPRING LAKE RD,STE 1100,,ALTAMONTE SPG,Seminole,,FL,,32701-6459,,28.6478516,-81.3596722,,False
SHARE THE CARE  INC,,,,,,,1524 FORMOSA AVE,,WINTER PARK,,,,,Orange,32789-5329,FL,,(407) 894-4669,,,,,,,,,,,,,,,,,Adult Day Care Center,,,,1655 PEEL Ave,,,ORLANDO,Orange,,FL,,32806,,28.5225566,-81.3465296,Southeast Orlando,True
SHARE THE CARE  INC,,,,,,,1524 FORMOSA AVE,,WINTER PARK,,,,,Orange,32789-5329,FL,,(407) 423-5311,,,,,,,,,,,,,,,,,Adult Day Care Center,,,,81 NORTH MAIN St,,,WINTER GARDEN,Orange,,FL,,34787,,28.566916,-81.58540699999999,,True
SHARE THE CARE  INC,,,,,,,1524 FORMOSA AVE,,WINTER PARK,,,,,Orange,32789-5329,FL,,(407) 423-5311,,,,,,,,,,,,,,,,,Adult Day Care Center,,,,1524 FORMOSA AVE,,,ORLANDO,Orange,,FL,,32804,,28.5829859,-81.376885,,False
SHARE THE CARE  INC,,,,,,,1524 FORMOSA AVE,,WINTER PARK,,,,,Orange,32789,FL,,(407) 423-5311,,,,,,,,,,,,,,,,,Adult Day Care Center,,,,50 S MOSS RD,,,WINTER SPRINGS,Seminole,,FL,,32708,,28.6966995,-81.3058684,,False
SOCIAL CENTER ADULT DAY CARE LLC,,,,,,,3104-06 W 76 ST,,HIALEAH,,,,,Miami-Dade,33018,FL,,(305) 512-3510,,,www.socialcenterhialeah.com,,,,,,,,,,,,,,Adult Day Care Center,,,,3104-06 W 76 ST,,,HIALEAH,Miami-Dade,,FL,,33018,,25.8906629,-80.3463218,,False
SOUTHWEST FOCAL POINT SENIOR CENTER,,,,,,,1475 NW 14 AVENUE,,MIAMI,,,,,Miami-Dade,33125,FL,,(954) 450-6855,,,http://www.easterseals.com/southflorida/,,,,,,,,,,,,,,Adult Day Care Center,,,,301 NW 103RD Ave,,,PEMBROKE PINES,Broward,,FL,,33026,,26.0108902,-80.282596,,True
ST JUDE ADULT DAY CARE LLC,,,,,,,9740 SW 24TH ST SECTION C,,MIAMI,,,,,Miami-Dade,33165,FL,,(305) 221-7005,,,,,,,,,,,,,,,,,Adult Day Care Center,,,,9740 SW 24TH ST SECTION C,,,MIAMI,Miami-Dade,,FL,,33165,,25.7480179,-80.3212034,,False
STAY FOR A DAY ADULT DAY CARE,,,,,,,1001 TOWN CENTER DR,,ORANGE CITY,,,,,Volusia,32763,FL,,(386) 851-0691,,,,,,,,,,,,,,,,,Adult Day Care Center,,,,1001 TOWN CENTER DR,,,ORANGE CITY,Volusia,,FL,,32763,,28.9075102,-81.2866305,Orange City Town Center,False
SUMTER PLACE IN THE VILLAGES ADULT DAY CARE,,,,,,,189 S. ORANGE AVE.  SUITE 1700,,ORLANDO,,,,,Orange,32801,FL,,(352) 674-3500,,,sumterplace.com,,,,,,,,,,,,,,Adult Day Care Center,,,,1550 KILLINGSWORTH WAY,,,THE VILLAGES,Sumter,,FL,,32162,,28.86594669999999,-81.9906409,,False
SUNCOAST PACE,,,,,,,5771 ROOSEVELT BLVD,,CLEARWATER,,,,,Pinellas,33760,FL,,(727) 289-0062,,,www.suncoastpace.org,,,,,,,,,,,,,,Adult Day Care Center,,,,6774 102 AVE N,,,PINELLAS PARK,Pinellas,,FL,,33782,,27.863708,-82.731932,,True
SUNRISE COMMUNITY INC,,,,,,,9040 SUNSET DRIVE,,MIAMI,,,,,,33173,FL,,(305) 228-4001,,,www.sunrisegroup.org,,,,,,,,,,,,,,Adult Day Care Center,,,,13776 SW 8 St,,,MIAMI,Miami-Dade,,FL,,33184,,25.76062109999999,-80.4184988,,True
SUNSHINE ADULT DAY CARE  INC,,,,,,,6626 HANLEY RD,,TAMPA,,,,,Hillsborough,33634,FL,,(813) 605-3374,,,www.sunshineadultdaycarecenter.com,,,,,,,,,,,,,,Adult Day Care Center,,,,6626 HANLEY RD,,,TAMPA,Hillsborough,,FL,,33634,,28.0084027,-82.5626676,Town N Country Alliance,False
SUNSHINE CENTER (THE),,,,,,,180 MARINE STREET,,SAINT AUGUSTINE,,,,,St. Johns,32084,FL,,(904) 209-3690,,,www.stjohnscoa.com,,,,,,,,,,,,,,Adult Day Care Center,,,,180 MARINE St,,,SAINT AUGUSTINE,St. Johns,,FL,,32084,,29.8809024,-81.3079501,,True
SWEET HOME ADULT DAY CARE LLC,,,,,,,201 PLAZA DR UNIT 102,,LEHIGH ACRES,,,,,Lee,33936,FL,,(239) 425-7789,,,,,,,,,,,,,,,,,Adult Day Care Center,,,,201 PLAZA DR,UNIT 102,,LEHIGH ACRES,Lee,,FL,,33936,,26.6070123,-81.6533621,Alabama,False
SWEET LIFE ADULT DAY CARE GROUP,,,,,,,10300 SW 72ND ST STE 412,,MIAMI,,,,,Miami-Dade,33173,FL,,(786) 554-9485,,,,,,,,,,,,,,,,,Adult Day Care Center,,,,10300 SW 72ND ST,STE 412,,MIAMI,Miami-Dade,,FL,,33173,,25.7011831,-80.36189639999999,,False
TALLAHASSEE MEMORIAL ADULT DAY CARE,,,,,,,2039 NORTH MONROE STREET,,TALLAHASSEE,,,,,Leon,32303,FL,,(850) 531-0712,,,www.tmh.org/adultdaycare,,,,,,,,,,,,,,Adult Day Care Center,,,,2039 NORTH MONROE St,,,TALLAHASSEE,Leon,,FL,,32303,,30.4685502,-84.28576729999999,,True
TENDER LOVING CARE ADULT DAY HEALTH CENTER,,,,,,,611 NW 31 AVENUE,,POMPANO BEACH,,,,,Broward,33069,FL,,(954) 917-8099,,,tlcadultdaycarecenter.com,,,,,,,,,,,,,,Adult Day Care Center,,,,611 NW 31 Ave,,,POMPANO BEACH,Broward,,FL,,33069,,26.237024,-80.1660855,,True
THE CLUB,,,,,,,628 SE ALLISON CT,,LAKE CITY,,,,,Columbia,32025,FL,,(386) 438-8621,,,www.ccseniors.com,,,,,,,,,,,,,,Adult Day Care Center,,,,628 SE ALLISON CT,,,LAKE CITY,Columbia,,FL,,32025,,30.1823146,-82.624573,,False
THE GATHERING PLACE LLC,,,,,,,PO BOX 494242,,PORT CHARLOTTE,,,,,Charlotte,33949,FL,,(941) 766-1886,,,,,,,,,,,,,,,,,Adult Day Care Center,,,,3459 DEPEW AVE,,,PORT CHARLOTTE,Charlotte,,FL,,33952,,26.9759533,-82.08674479999999,,False
THE MIAMI-DADE COUNTY EDISON LITTLE RIVER ADULT DAY CARE CENTER,,,,,,,701 NW 1ST COURT,11TH FLOOR,MIAMI,,,,,Miami-Dade,33136,FL,,(305) 751-4342,,,www.miamidade.gov/cahsd,,,,,,,,,,,,,,Adult Day Care Center,,,,150 NW 79TH St,,,MIAMI,Miami-Dade,,FL,,33150,,25.8468823,-80.1998729,Little Haiti,True
THE MIAMI-DADE COUNTY NORTH DADE ADULT DAY CARE CENTER,,,,,,,701 NW 1ST COURT,11TH FLOOR,MIAMI,,,,,Miami-Dade,33136,FL,,(305) 940-0075,,,www.miamidade.gov/cahsd,,,,,,,,,,,,,,Adult Day Care Center,,,,60 NE 166TH St,,,MIAMI,Miami-Dade,,FL,,33162,,25.9269405,-80.1991015,,True
THE MIAMI-DADE COUNTY WEST DADE ADULT DAY CARE CENTER,,,,,,,701 NW 1ST COURT  11TH FLOOR,,MIAMI,,,,,Miami-Dade,33186,FL,,(305) 267-6372,,,www.miamidade.gov/cahsd,,,,,,,,,,,,,,Adult Day Care Center,,,,6950 NORTH WATERWAY Dr,,,MIAMI,Miami-Dade,,FL,,33155,,25.7401953,-80.307529,,True
THE SENIOR CLUB,,,,,,,2668-2672 SW 137TH AVE,,MIAMI,,,,,Miami-Dade,33175,FL,,(305) 456-9905,,,,,,,,,,,,,,,,,Adult Day Care Center,,,,2668-2672 SW 137TH AVE,,,MIAMI,Miami-Dade,,FL,,33175,,25.74228059999999,-80.416598,,False
THE SENIOR CLUB 1,,,,,,,2668 2672 SW 137TH AVE,,MIAMI,,,,,Miami-Dade,33175,FL,,,,,,,,,,,,,,,,,,,Adult Day Care Center,,,,2684 SW 137TH AVE,,,MIAMI,Miami-Dade,,FL,,33175,,25.74222719999999,-80.4165958,,False
THE SENIOR SPOT,,,,,,,410 E OAKLAND PARK BLVD,,WILTON MANORS,,,,,Broward,33334,FL,,(754) 223-3479,,,,,,,,,,,,,,,,,Adult Day Care Center,,,,410 E OAKLAND PARK BLVD,,,WILTON MANORS,Broward,,FL,,33334,,26.16655119999999,-80.14119649999999,,False
THE VOLEN CENTER,,,,,,,1515 WEST PALMETTO PARK ROAD,,BOCA RATON,,,,,Palm Beach,33486,FL,,(561) 395-8920,,,,,,,,,,,,,,,,,Adult Day Care Center,,,,1515 WEST PALMETTO PARK Rd,,,BOCA RATON,Palm Beach,,FL,,33486,,26.353118,-80.1160871,,True
THE VOLEN CENTER,,,,,,,1515 W. PALMETTO PARK ROAD,,BOCA RATON,,,,,Palm Beach,33486,FL,,(561) 395-8920,,,www.volencenter.com,,,,,,,,,,,,,,Adult Day Care Center,,,,850 NORTH CONGRESS Ave,,,DELRAY BEACH,Palm Beach,,FL,,33445,,26.474097,-80.09219,,True
TOUCHING HEARTS ADC  INC,,,,,,,3104 W WATERS AVE STE 102,,TAMPA,,,,,Hillsborough,33614,FL,,(813) 999-8941,,,www.touchingheartsdc.com,,,,,,,,,,,,,,Adult Day Care Center,,,,3104 W WATERS AVE,STE 102,,TAMPA,Hillsborough,,FL,,33614,,28.0250387,-82.49324899999999,,False
TRANQUILITY BAY ADULT DAY CARE CORP,,,,,,,100360 OVERSEAS HIGHWAY STE 6 7 8,,KEY LARGO,,,,,Monroe,33037,FL,,(305) 440-2398,,,www.tranquilityadultcare.com,,,,,,,,,,,,,,Adult Day Care Center,,,,100360 OVERSEAS Hwy,STE 6 7 8,,KEY LARGO,Monroe,,FL,,33037,,25.1017997,-80.4335746,,True
TREE OF LIFE ADULT DAY CARE  INC,,,,,,,8901 SW 157TH AVE  STE 10,,MIAMI,,,,,Miami-Dade,33196,FL,,(305) 382-0111,,,www.treeoflifeadc.com,,,,,,,,,,,,,,Adult Day Care Center,,,,8901 SW 157TH AVE,STE 10,,MIAMI,Miami-Dade,,FL,,33196,,25.6831319,-80.445529,,False
TWIN PALMS CENTER FOR THE DISABLED,,,,,,,306 NW 35TH ST,,BOCA RATON,,,,,Palm Beach,33431,FL,,(561) 391-4874,,,www.twinpalmscenter.org,,,,,,,,,,,,,,Adult Day Care Center,,,,306 NW 35TH ST,,,BOCA RATON,Palm Beach,,FL,,33431,,26.3814635,-80.0880729,,False
UNIQUE ADULT DAY CARE CENTER  INC,,,,,,,5149 SW 8 STREET,,MIAMI,,,,,Miami-Dade,33134,FL,,(305) 456-6365,,,,,,,,,,,,,,,,,Adult Day Care Center,,,,5149 SW 8 St,,,MIAMI,Miami-Dade,,FL,,33134,,25.7641066,-80.2781522,Flagami,True
UNITED HELP COMMUNITY SERVICES INC,,,,,,,5331 W 20TH AVE,,HIALEAH,,,,,Miami-Dade,33012,FL,,(305) 822-5956,,,,,,,,,,,,,,,,,Adult Day Care Center,,,,5331-5333 W 20TH AVE,,,HIALEAH,Miami-Dade,,FL,,33012,,25.87038249999999,-80.3218642,,False
VISTA ADULT CARE  INC,,,,,,,7941 NW 2ND STREET,SUITE 43,MIAMI,,,,,Miami-Dade,33126,FL,,(305) 266-7853,,,,,,,,,,,,,,,,,Adult Day Care Center,,,,7941- 43 NW 2ND ST,,,MIAMI,Miami-Dade,,FL,,33126,,25.7721899,-80.3258473,,False
VIVIR LA VIDA ADULT DAY CARE INC,,,,,,,8196 NW 103RD STREET,,HIALEAH GARDENS,,,,,Miami-Dade,33016,FL,,(786) 290-5054,,,,,,,,,,,,,,,,,Adult Day Care Center,,,,8196 NW 103RD ST,,,HIALEAH GARDENS,Miami-Dade,,FL,,33016,,25.8693006,-80.3307471,,False
WISDOM ADULT DAY CARE SERVICES  LLC,,,,,,,1197 GLADES ROAD,,HAVANA,,,,,Gadsden,32333,FL,,(850) 539-8485,,,wisdomadultdaycare.com,,,,,,,,,,,,,,Adult Day Care Center,,,,1747 FLORIDA-GEORGIA Hwy,,,HAVANA,Gadsden,,FL,,32333,,30.5763134,-84.3976753,,True
WITH LOVE ADULT DAY CARE CENTER CORP,,,,,,,240 WESTWARD DR,,MIAMI SPRINGS,,,,,Miami-Dade,33166,FL,,(786) 445-1286,,,,,,,,,,,,,,,,,Adult Day Care Center,,,,240 WESTWARD DR,,,MIAMI SPRINGS,Miami-Dade,,FL,,33166,,25.8208895,-80.285016,,False
WORLD WIDE HEALTH SERVICE,,,,,,,2300 PALM BEACH LAKES BLVD STE 309,,WEST PALM BEACH,,,,,,33409,FL,,(800) 268-2183,,,,,,,,,,,,,,,,,Adult Day Care Center,,,,2300 PALM BEACH LAKES BLVD,STE 105,,WEST PALM BEACH,Palm Beach,,FL,,33409,,26.709127,-80.09752689999999,Palm Beach Lakes,False
XCLUSIVE SENIOR DAY CARE CENTER  INC,,,,,,,12975 W OKEECHOBEE RD UNITS 2 3 4,,HIALEAH GARDENS,,,,,Miami-Dade,33018,FL,,(305) 820-0805,,,WWW.XCLUSIVESENIORCENTER.COM,,,,,,,,,,,,,,Adult Day Care Center,,,,12975 W OKEECHOBEE RD,UNITS 2 3 4,,HIALEAH GARDENS,Miami-Dade,,FL,,33018,,25.891308,-80.371517,,False
YOUR SECOND HOME ADULT DAY CARE  INC,,,,,,,3702 N COURTNEY PARKWAY,SUITE 108-110,MERRITT ISLAND,,,,,Brevard,32953,FL,,(321) 986-8500,,,,,,,,,,,,,,,,,Adult Day Care Center,,,,3702 N COURTNEY Pkwy,,,MERRITT ISLAND,Brevard,,FL,,32953,,28.4242,-80.7063739,,True
